Entity,Code,Year,Bovine_meat,Poultry_meat,Pigmeat,Mutton_Goat,Meat_Other,TOTAL_meat_consumed_per_capita,Total_population,Total_Consumption,dates,month,"GDP per capita, PPP (constant 2011 international $)","Per capita CO2 emissions","Per capita consumption-based CO2 emissions",Total_CO2_emission
Argentina,ARG,1961,83.45,2.05,8.69,6.94,0.9,102.03,20817000,2123958510,January-1961,January,,2.456007600390202,,51126710.217322834
Argentina,ARG,1962,86.1,2.39,7.31,6.45,0.79,103.04,21153000,2179605120,January-1962,January,,2.535816435947918,,53640125.069606304
Argentina,ARG,1963,86.62,2.86,6.85,5.67,0.82,102.82,21489000,2209498980,January-1963,January,,2.328291684703729,,50032660.01259843
Argentina,ARG,1964,65.32,3.88,6.79,5.83,1.25,83.07,21824000,1812919679.9999998,January-1964,January,,2.550863328248568,,55670041.27569675
Argentina,ARG,1965,66.96,5.73,9.45,6.55,1,89.69,22160000,1987530400,January-1965,January,,2.6536484457773106,,58804849.5584252
Argentina,ARG,1966,76.7,5.41,9.78,6.64,0.88,99.41,22494000,2236128540,January-1966,January,,2.8039773566634394,,63072666.6607874
Argentina,ARG,1967,79.57,5.49,9.19,6.96,0.83,102.03999999999998,22829000,2329471159.9999995,January-1967,January,,2.8681055504604895,,65475981.61146252
Argentina,ARG,1968,83.97,5.95,7.8,7.97,0.59,106.28,23168000,2462295040,January-1968,January,,2.9786437053552013,,69009217.36566931
Argentina,ARG,1969,89.57,6.19,8.62,7,0.86,112.24,23518000,2639660320,January-1969,January,,3.2846700357106267,,77248869.89984252
Argentina,ARG,1970,81.57,7.8,8.68,6.35,0.85,105.24999999999997,23881000,2513475249.9999995,January-1970,January,,3.4608266505148393,,82648001.24094488
Argentina,ARG,1971,61.83,8.7,10.13,6.95,1.22,88.83,24260000,2155015800,January-1971,January,,3.662172697405405,,88844309.63905512
Argentina,ARG,1972,59.92,8.26,8.69,5.2,0.67,82.74000000000001,24653000,2039789220.0000002,January-1972,January,,3.653149089928842,,90061084.51401575
Argentina,ARG,1973,63.95,8.2,9.82,4.53,0.65,87.15,25056000,2183630400,January-1973,January,,3.750318418207782,,93967978.28661418
Argentina,ARG,1974,72.41,11.01,9.31,3.98,1.22,97.93,25462000,2493493660,January-1974,January,,3.7494849674518833,,95469386.24125986
Argentina,ARG,1975,83.34,10.65,9.66,4.21,1.02,108.88,25866000,2816290080,January-1975,January,,3.66626278056927,,94831553.08220473
Argentina,ARG,1976,85.99,9.74,9.14,4.07,1.06,110,26265000,2889150000,January-1976,January,,3.7946199819029105,,99665693.82467994
Argentina,ARG,1977,85.86,9.17,8.77,4.1,1.25,109.14999999999999,26661000,2910048150,January-1977,January,,3.7752104738636616,,100650886.44367908
Argentina,ARG,1978,89.18,9.65,7.79,4.11,1.14,111.87000000000002,27061000,3027314070.0000005,January-1978,January,,3.7868823468330572,,102476823.18764937
Argentina,ARG,1979,83.83,10.77,9.32,4.12,1.2,109.24,27471000,3000932040,January-1979,January,,4.0228209004047395,,110510912.9550186
Argentina,ARG,1980,85.04,11.2,9.48,3.8,1.2,110.72000000000001,27897000,3088755840.0000005,January-1980,January,,3.890023994830234,,108519999.38377903
Argentina,ARG,1981,84.77,11.01,8.91,3.73,1.28,109.7,28339000,3108788300,January-1981,January,,3.592917499455907,,101819689.01708095
Argentina,ARG,1982,70.05,11.8,7.93,3.48,1.19,94.45,28795000,2719687750,January-1982,January,,3.5841834415188742,,103206562.19853598
Argentina,ARG,1983,67.08,12.18,7.03,3.47,1.15,90.91,29262000,2660208420,January-1983,January,,3.5875491175831487,,104978862.2787181
Argentina,ARG,1984,72.44,11.86,7.02,3.52,1.32,96.15999999999998,29737000,2859509919.9999995,January-1984,January,,3.574099112106838,,106282985.29672104
Argentina,ARG,1985,81.97,12.08,6.35,3.19,1.12,104.71,30216000,3163917360,January-1985,January,,3.3216243247089743,,100366200.59540637
Argentina,ARG,1986,72.09,12.86,6.69,3.18,1.11,95.93,30699000,2944955070,January-1986,January,,3.385580648435738,,103933940.32632872
Argentina,ARG,1987,71.96,14.5,6.56,2.86,1.26,97.14,31184000,3029213760,January-1987,January,,3.675316308657056,,114611063.76916163
Argentina,ARG,1988,67.48,12.34,6,2.65,0.93,89.40000000000002,31669000,2831208600.0000005,January-1988,January,,3.8248480805193044,,121129113.86196585
Argentina,ARG,1989,65.9,10.82,5.22,2.61,1,85.55,32148000,2750261400,January-1989,January,,3.6332592514943065,,116802018.41703896
Argentina,ARG,1990,64.22,11.35,4.25,2.57,1.36,83.74999999999999,32619000,2731841249.9999995,January-1990,January,10815.7151226019,3.4302099340920065,3.2013960875950964,111890017.84014715
Argentina,ARG,1991,66.07,12.46,4.53,2.65,1.32,87.03,33079000,2878865370,January-1991,January,12015.6271048557,3.532301560123672,3.4013959860801424,116845003.30733094
Argentina,ARG,1992,65.05,16.08,5.48,2.14,1.61,90.36,33529000,3029680440,January-1992,January,13266.0528630404,3.6093147296291805,3.5125883278604144,121016713.5697368
Argentina,ARG,1993,64.78,22.46,7.62,2.13,1.58,98.57000000000001,33970000,3348422900.0000005,January-1993,January,13861.946177794,3.4608376660702165,3.415591557750337,117564655.51640525
Argentina,ARG,1994,61.52,23.47,7.86,2.71,1.61,97.17,34403000,3342939510,January-1994,January,14481.1082032399,3.546494482144798,3.4805088981394907,122010049.66922748
Argentina,ARG,1995,55.98,23.86,6.94,2.54,1.56,90.88000000000001,34828000,3165168640.0000005,January-1995,January,13893.5226589826,3.6636744169466975,3.491789931876377,127598452.59341958
Argentina,ARG,1996,54.47,23.01,6.56,2.04,1.7,87.78000000000002,35246000,3093893880.0000005,January-1996,January,14485.5076845653,3.8201116950221343,3.671421009948273,134643656.80275014
Argentina,ARG,1997,56.22,23.89,6.13,1.46,1.51,89.21,35657000,3180960970,January-1997,January,15479.3791285386,3.8578133952169624,3.8186695516931564,137558052.23325124
Argentina,ARG,1998,56.29,27.04,7.19,1.22,1.51,93.25,36063000,3362874750,January-1998,January,15894.5580528952,3.86419463949263,3.823897411824553,139354451.28402272
Argentina,ARG,1999,60.28,27.96,7.96,1.78,1.89,99.87,36467000,3641959290,January-1999,January,15186.130197286,4.017613172426932,3.713526532901926,146510299.55889294
Argentina,ARG,2000,59.09,27.82,7.97,2.03,1.85,98.75999999999999,36871000,3641379959.9999995,January-2000,January,14899.8700458711,3.843584506181439,3.475902440085732,141716804.32741582
Argentina,ARG,2001,56.76,26.8,7.29,1.73,1.6,94.18,37276000,3510653680.0000005,January-2001,January,14085.5751760246,3.5763120995220525,3.130488293335464,133310609.82178403
Argentina,ARG,2002,52.91,18.96,4.78,1.44,1.58,79.67,37682000,3002124940,January-2002,January,12412.6059887095,3.300838777773106,2.551534871759162,124382206.82404618
Argentina,ARG,2003,55.36,19.65,5.12,1.6,1.72,83.44999999999999,38088000,3178443599.9999995,January-2003,January,13361.4000434323,3.5344638763936254,2.9877934867465243,134620660.1240804
Argentina,ARG,2004,56.53,22,5.12,2.07,1.54,87.26,38492000,3358811920,January-2004,January,14410.1505153775,4.079643802766064,3.48513786896338,157033649.25607133
Argentina,ARG,2005,56.04,24.35,5.44,2.37,1.59,89.79,38893000,3492202470.0000005,January-2005,January,15518.6785097698,4.150484133779153,3.6006511457310606,161424779.4150726
Argentina,ARG,2006,55.59,27.78,6.59,2.21,1.62,93.79,39290000,3685009100.0000005,January-2006,January,16592.264892395,4.444324406882723,3.96597257323241,174617505.9464222
Argentina,ARG,2007,55.11,28.95,7.03,2.39,1.46,94.94,39684000,3767598960,January-2007,January,17900.7063421587,4.390507781688356,4.063883287547952,174232910.80852073
Argentina,ARG,2008,54.69,31.57,7.75,2.05,1.26,97.32,40080000,3900585599.9999995,January-2008,January,18436.8624668727,4.6916463142423295,4.406868922763713,188041184.27483258
Argentina,ARG,2009,54.57,33.46,8.18,2.09,1.35,99.65,40483000,4034130950,January-2009,January,17168.3789365496,4.4183332328165985,4.0672580632726705,178867384.26411435
Argentina,ARG,2010,54.65,34.63,8.25,1.92,1.24,100.69,40896000,4117818240,January-2010,January,18712.0630773436,4.564548990450399,4.330751478474836,186671795.51345953
Argentina,ARG,2011,54.94,38.47,9.02,1.71,1.2,105.33999999999999,41320000,4352648800,January-2011,January,19629.3518451916,4.603990464298805,4.469950484241464,190236885.98482662
Argentina,ARG,2012,55.29,39.43,8.92,1.6,1.03,106.27,41755000,4437303850,January-2012,January,19224.8743997107,4.591430780736795,4.480989511461614,191715192.24966487
Argentina,ARG,2013,55.48,38.66,10.51,1.56,1.04,107.25,42196000,4525521000,January-2013,January,19482.190295091,4.5567203875403,4.579953980554639,192275373.4726505
Argentina,ARG,2014,54.05,36.88,10.02,1.49,1.03,103.47,42638000,4411753860,January-2014,January,18797.5479465897,4.560043954390538,4.614327522866838,194431154.12730375
Argentina,ARG,2015,54.26,42.24,9.99,1.46,0.99,108.93999999999998,43075000,4692590499.999999,January-2015,January,19116.9079145132,4.639797447255672,4.699685208382676,199859275.04053807
Argentina,ARG,2016,53.82,41.85,10.15,1.32,1.04,108.18,43508000,4706695440,January-2016,January,18584.580004917,4.59774827378503,4.594996460095472,200038831.8958391
Argentina,ARG,2017,54.16,42.24,10.7,1.28,1,109.38000000000001,43937000,4805829060,January-2017,January,18933.9071474396,4.541775860240221,4.591170501477393,199552005.97137457
Australia,AUS,1961,41.25,4.8,10.34,46.12,2.44,104.94999999999999,10446000,1096307700,January-1961,January,,8.663976263145443,,90503896.0448173
Australia,AUS,1962,49.59,4.66,11.32,44.71,2.14,112.42,10643000,1196486060,January-1962,January,,8.909466818913913,,94823455.35370077
Australia,AUS,1963,51.9,4.67,10.81,42.5,2.68,112.56,10845000,1220713200,January-1963,January,,9.306986118585801,,100934264.45606302
Australia,AUS,1964,55.02,5.31,10.39,40.76,2.36,113.83999999999999,11065000,1259639599.9999998,January-1964,January,,9.839653551876617,,108875766.55151477
Australia,AUS,1965,52.16,6.31,10.8,38.71,2.12,110.1,11313000,1245561300,January-1965,January,,10.682636690254608,,120852668.87685038
Australia,AUS,1966,48.43,5.91,11.52,37.83,2.15,105.84,11593000,1227003120,January-1966,January,,10.369990688108695,,120219302.0472441
Australia,AUS,1967,43.42,7.36,11.65,37.16,1.84,101.43,11900000,1207017000,January-1967,January,,10.852454767154107,,129144211.72913387
Australia,AUS,1968,45.14,8.28,11.94,37.3,1.66,104.32,12216000,1274373120,January-1968,January,,11.00989683255212,,134496899.7064567
Australia,AUS,1969,46.49,8.56,12.65,39.3,1.93,108.93,12519000,1363694670,January-1969,January,,11.352648173126456,,142123802.4793701
Australia,AUS,1970,44.12,9.47,13.06,36.73,1.61,104.99,12793000,1343137070,January-1970,January,,11.5281613853209,,147479768.60241026
Australia,AUS,1971,45.11,11.36,13.55,40.61,1.2,111.83,13033000,1457480390,January-1971,January,,11.711005612735741,,152629536.1507849
Australia,AUS,1972,46.31,11.99,14.12,42.8,1.06,116.28,13244000,1540012320,January-1972,January,,11.879760249774524,,157335544.7480138
Australia,AUS,1973,48.12,11.58,15.84,33.55,1.66,110.74999999999999,13432000,1487593999.9999998,January-1973,January,,12.717941815698152,,170827394.46845758
Australia,AUS,1974,40.83,13.79,14.67,23.63,1.84,94.75999999999999,13606000,1289304559.9999998,January-1974,January,,12.655401013472627,,172189386.18930855
Australia,AUS,1975,70.99,13.29,12.5,26.34,2.01,125.13000000000001,13773000,1723415490.0000002,January-1975,January,,12.757854216962965,,175713926.1302309
Australia,AUS,1976,78.47,14.18,11.82,23.41,1.88,129.76,13936000,1808335359.9999998,January-1976,January,,12.491008667101427,,174074696.7847255
Australia,AUS,1977,78.75,15.04,12.63,17.88,1.64,125.93999999999998,14093000,1774872419.9999998,January-1977,January,,13.311918419683353,,187604866.2885975
Australia,AUS,1978,80.94,16.71,13.57,17.23,1.66,130.10999999999999,14249000,1853937389.9999998,January-1978,January,,14.163813506564788,,201820178.65504166
Australia,AUS,1979,62.15,18.21,13.21,18.22,1.68,113.47,14413000,1635443110,January-1979,January,,14.214221537206457,,204869575.01575667
Australia,AUS,1980,52.57,20.76,14.61,20.08,2.64,110.66,14588000,1614308080,January-1980,January,,15.117288224776724,,220531000.62304285
Australia,AUS,1981,51.63,19.79,15.34,20.51,2.29,109.56000000000002,14777000,1618968120.0000002,January-1981,January,,15.573705299051369,,230132643.20408207
Australia,AUS,1982,56.35,18.67,14.95,19.78,2.88,112.63000000000001,14979000,1687084770.0000002,January-1982,January,,15.614436640542696,,233888646.43868905
Australia,AUS,1983,48.45,20.32,15.4,20.6,2.55,107.32000000000001,15195000,1630727400,January-1983,January,,14.793353976432401,,224785013.67189035
Australia,AUS,1984,47.66,19.08,16.11,22.03,2.31,107.19,15423000,1653191370,January-1984,January,,15.325241032066579,,236361192.43756285
Australia,AUS,1985,47.88,21.78,16.17,23.48,2.87,112.18,15664000,1757187520,January-1985,January,,15.384829697430355,,240987972.38054907
Australia,AUS,1986,45.99,22.15,16.69,23.75,3.41,111.99,15918000,1782656820,January-1986,January,,15.059820238368202,,239722218.55434504
Australia,AUS,1987,46.18,23.09,17.01,22.03,3.8,112.11,16183000,1814276130,January-1987,January,,15.809814228297071,,255850223.6565315
Australia,AUS,1988,43.77,23.15,17.36,22.54,3.64,110.46,16452000,1817287920,January-1988,January,,15.856965445720508,,260878795.5129938
Australia,AUS,1989,45.8,23.31,17.8,21.46,3.5,111.87,16714000,1869795180,January-1989,January,,16.601986827274253,,277485607.83106184
Australia,AUS,1990,46.56,23.97,18.14,22.85,3.73,115.25000000000001,16961000,1954755250.0000002,January-1990,January,28658.3658903333,16.415563688836418,13.862959131616833,278424375.7263545
Australia,AUS,1991,44.53,23.85,17.91,21.65,4.18,112.12,17189000,1927230680,January-1991,January,28185.7529003265,16.28206201008395,13.57002588015315,279872363.89133304
Australia,AUS,1992,43.3,25.01,19.15,20.87,3.81,112.14000000000001,17402000,1951460280.0000002,January-1992,January,27969.0661165142,16.37237813642166,13.57136956042561,284912124.3300097
Australia,AUS,1993,42.02,25.75,18.39,20.65,4,110.81,17603000,1950588430,January-1993,January,28815.4629795064,16.430997925526224,13.450887446182195,289234856.4830381
Australia,AUS,1994,42.01,26.57,19.06,19.79,4.26,111.69000000000001,17799000,1987970310.0000002,January-1994,January,29646.4192650494,16.51860275264758,13.690265949172451,294014610.3943743
Australia,AUS,1995,40.85,26.16,19.33,18.24,4.19,108.77,17993000,1957098610,January-1995,January,30412.0780548637,16.97381199914148,13.858176777010549,305409799.3005526
Australia,AUS,1996,42.09,26.76,18.38,16.44,3.96,107.63,18189000,1957682070,January-1996,January,31179.3078735732,17.17308318186174,13.882204368704446,312361209.99488324
Australia,AUS,1997,36.76,30.86,18.81,16.75,2.71,105.89,18387000,1946999430,January-1997,January,32055.3850594342,17.44682092806138,14.213510505987278,320794696.4042646
Australia,AUS,1998,39.13,32.55,19.44,16.76,2.83,110.71000000000001,18587000,2057766770.0000002,January-1998,January,33174.9076526314,18.006354254857754,14.832235152965662,334684106.5350411
Australia,AUS,1999,42.19,30.82,18.8,15.82,2.74,110.36999999999999,18788000,2073631559.9999998,January-1999,January,34443.8661779261,18.312930392111966,14.601971134529332,344063336.2069996
Australia,AUS,2000,39.2,32.37,18.86,17.6,3.03,111.06,18991000,2109140460,January-2000,January,35377.729551754,18.44002852812872,14.416504603228661,350194581.77769256
Australia,AUS,2001,42.32,31.62,17.69,14.88,3.45,109.96,19195000,2110682199.9999998,January-2001,January,35578.642071091,18.63343281012316,14.475070751213837,357668742.7903141
Australia,AUS,2002,38.81,33.68,19.79,14.46,3.98,110.72000000000001,19401000,2148078720.0000005,January-2002,January,36553.9646143988,18.669609495867462,15.12130014682832,362209093.8293246
Australia,AUS,2003,45.51,34.61,20.77,13.43,3.56,117.88,19624000,2313277120,January-2003,January,37183.6845735971,18.84047863794064,15.34727045114425,369725552.79094714
Australia,AUS,2004,36.95,34.39,20.26,12.91,3.23,107.74000000000001,19880000,2141871200.0000002,January-2004,January,38225.6937136627,19.275887873022214,16.07913884998287,383204650.9156816
Australia,AUS,2005,42.39,36.92,21.78,12.86,3.33,117.28,20179000,2366593120,January-2005,January,38928.0407567854,19.154314716395373,16.14634604231638,386514916.6621422
Australia,AUS,2006,35.49,37.56,21.58,13.58,3.59,111.80000000000001,20526000,2294806800,January-2006,January,39445.1329184684,19.130949682109613,16.793991507320275,392681873.1749819
Australia,AUS,2007,43.2,39.04,22.73,14.26,2.87,122.10000000000002,20916000,2553843600.0000005,January-2007,January,40680.1896301231,19.143976353838262,17.12059098229056,400415409.4168811
Australia,AUS,2008,37.81,37.28,22.3,12.43,2.56,112.38,21332000,2397290160,January-2008,January,41331.5279733539,18.98783691998827,17.18008178941613,405048537.17718977
Australia,AUS,2009,38.51,38.25,21.58,11.43,2.51,112.27999999999999,21751000,2442202279.9999995,January-2009,January,41266.8663842235,18.773616614278758,17.253424640427202,408344934.97717726
Australia,AUS,2010,37.25,40.13,22.34,10.08,2.15,111.95,22155000,2480252250,January-2010,January,41464.0400696359,18.34465998885103,17.305700917481094,406425942.0529946
Australia,AUS,2011,41.37,45.26,23.09,9.06,2.33,121.11,22538000,2729577180,January-2011,January,41894.1730524786,17.936981767547802,17.320563818528814,404263695.0769924
Australia,AUS,2012,35.51,45.58,24.15,9.85,2.24,117.33,22904000,2687326320,January-2012,January,42754.4562863267,17.76925362050282,17.48269326045307,406986984.92399657
Australia,AUS,2013,33.86,46.12,24.14,9.87,2.23,116.22,23255000,2702696100,January-2013,January,43118.0861274364,17.116817506137867,16.39363625356123,398051591.1052361
Australia,AUS,2014,35.38,46.73,25.08,9.95,2.33,119.47,23596000,2819014120,January-2014,January,43547.1974836868,16.66759331235894,15.874030315941843,393288531.7984215
Australia,AUS,2015,37.09,47.21,26.63,9.99,2.33,123.25,23932000,2949619000,January-2015,January,43923.2582693466,16.820055359904792,15.555454303186934,402537564.8732415
Australia,AUS,2016,37.21,47.42,26.1,10.02,2.29,123.03999999999999,24263000,2985319520,January-2016,January,44493.4808943831,17.028289645463246,15.368488620955615,413157391.66787475
Australia,AUS,2017,35.7,47.65,25.92,10.07,2.26,121.60000000000001,24585000,2989536000,January-2017,January,44648.7099113362,16.96324091563009,15.389211174673388,417041277.9107658
Brazil,BRA,1961,17.59,1.73,7.01,0.57,0.6,27.5,74311000,2043552500,January-1961,January,,0.6613355046343514,,49144502.68488329
Brazil,BRA,1962,17.03,1.78,7.5,0.59,0.58,27.48,76514000,2102604720,January-1962,January,,0.7009364224241186,,53631449.42535901
Brazil,BRA,1963,16.72,2.08,7.13,0.59,0.59,27.109999999999996,78773000,2135536029.9999998,January-1963,January,,0.7052027761620628,,55550938.28661418
Brazil,BRA,1964,17.06,2.14,6.95,0.61,0.56,27.319999999999997,81065000,2214695799.9999995,January-1964,January,,0.6990276543695357,,56666676.80146641
Brazil,BRA,1965,16.79,2.65,6.97,0.64,0.54,27.589999999999996,83374000,2300288659.9999995,January-1965,January,,0.6756256815309123,,56329615.57195828
Brazil,BRA,1966,16.15,2.77,7.56,0.61,0.51,27.599999999999998,85697000,2365237200,January-1966,January,,0.7492868515443263,,64211635.31679413
Brazil,BRA,1967,16.56,3.04,7.41,0.58,0.46,28.049999999999997,88036000,2469409799.9999995,January-1967,January,,0.7505953053074923,,66079408.29805039
Brazil,BRA,1968,17.58,3.19,7.77,0.62,0.4,29.56,90387000,2671839720,January-1968,January,,0.8548948107594417,,77271377.26011366
Brazil,BRA,1969,18.14,3.55,7.59,0.6,0.32,30.200000000000003,92747000,2800959400.0000005,January-1969,January,,0.9071205473942238,,84132709.40917207
Brazil,BRA,1970,17.75,3.94,7.88,0.59,0.3,30.46,95113000,2897141980,January-1970,January,,0.9833617739275148,,93530488.40356772
Brazil,BRA,1971,16.56,3.87,8.04,0.6,0.22,29.29,97483000,2855277070,January-1971,January,,1.0500081158967518,,102357941.16196306
Brazil,BRA,1972,18.48,4.33,7.57,0.56,0.12,31.060000000000002,99859000,3101620540,January-1972,January,,1.1417531534349663,,114014328.1488623
Brazil,BRA,1973,19.54,5.08,6.67,0.56,0.14,31.99,102259000,3271265410,January-1973,January,,1.2910316927375205,,132019609.86764611
Brazil,BRA,1974,18.67,5.22,6.74,0.57,0.11,31.310000000000002,104706000,3278344860,January-1974,January,,1.3650346085673866,,142927313.7246568
Brazil,BRA,1975,19.24,5.09,6.89,0.58,0.13,31.929999999999996,107216000,3423406879.9999995,January-1975,January,,1.4038357935751753,,150513658.443956
Brazil,BRA,1976,20.11,5.43,6.89,0.58,0.18,33.19,109791000,3643963289.9999995,January-1976,January,,1.406290814722522,,154398074.8392004
Brazil,BRA,1977,20.03,6.02,7.15,0.49,0.11,33.800000000000004,112425000,3799965000.0000005,January-1977,January,,1.4416574473933452,,162078338.52319685
Brazil,BRA,1978,21.94,7.11,7.18,0.4,0.12,36.75,115121000,4230696750,January-1978,January,,1.528231134047551,,175931496.3826881
Brazil,BRA,1979,22.25,8.72,7.47,0.43,0.16,39.029999999999994,117878000,4600778339.999999,January-1979,January,,1.5877015079539984,,187155078.35460144
Brazil,BRA,1980,22.48,10.07,7.95,0.42,0.08,41,120694000,4948454000,January-1980,January,,1.5390852377159385,,185758353.6808875
Brazil,BRA,1981,22.19,9.82,7.76,0.4,0.07,40.24,123570000,4972456800,January-1981,January,,1.3795250490992246,,170467910.31719118
Brazil,BRA,1982,21.12,10.42,6.71,0.39,0.09,38.730000000000004,126498000,4899267540.000001,January-1982,January,,1.3501347478491519,,170789345.333422
Brazil,BRA,1983,21.5,10.14,6.68,0.45,0.07,38.84,129449000,5027799160,January-1983,January,,1.2779313633643545,,165426937.05615234
Brazil,BRA,1984,22.2,8.41,5.55,0.5,0.09,36.75,132384000,4865112000,January-1984,January,,1.2660562374053597,,167605588.93267113
Brazil,BRA,1985,22.22,9.21,5.69,0.57,0.07,37.76,135274000,5107946240,January-1985,January,,1.3301652929305108,,179936779.83588192
Brazil,BRA,1986,26.68,10.29,6.14,0.76,0.07,43.94,138108992,6068509108.48,January-1986,January,,1.4280476182825468,,197226217.0890033
Brazil,BRA,1987,24.93,11.54,7.23,0.68,0.05,44.43,140892000,6259831560,January-1987,January,,1.4606133889421828,,205788741.59484202
Brazil,BRA,1988,24.44,12.12,7.48,0.72,0.06,44.82000000000001,143628000,6437406960.000001,January-1988,January,,1.4451427824098042,,207562967.55195537
Brazil,BRA,1989,27.81,12.9,7.2,0.74,0.06,48.71000000000001,146328000,7127636880.000001,January-1989,January,,1.4495765927160331,,212113643.6589517
Brazil,BRA,1990,27.51,14.14,6.94,0.76,0.05,49.4,149003008,7360748595.2,January-1990,January,10344.8643896104,1.3887043139424409,1.5722946019774058,206921120.00000003
Brazil,BRA,1991,28.4,15.63,7.78,0.76,0.07,52.64,151648000,7982750720,January-1991,January,10319.9293352146,1.4324468574733238,1.613131543360012,217227701.04211462
Brazil,BRA,1992,28.36,16.6,7.87,0.76,0.09,53.68,154259008,8280623549.44,January-1992,January,10099.7756199842,1.415692405371884,1.575046447664919,218383306.0858007
Brazil,BRA,1993,27.99,17.22,9.25,0.78,0.06,55.3,156848992,8673749257.6,January-1993,January,10398.160357612,1.4557518865024008,1.6090527706995918,228333215.99999997
Brazil,BRA,1994,30.45,18.85,10.41,0.79,0.06,60.559999999999995,159432992,9655261995.519999,January-1994,January,10776.4331121153,1.5020136461371167,1.6674031104884437,239470529.62846977
Brazil,BRA,1995,34.36,22.9,10.85,0.86,0.05,69.02,162020000,11182620400,January-1995,January,11072.7252903522,1.577481643378712,1.7697143466975136,255583575.8602189
Brazil,BRA,1996,36.89,21.71,11,0.62,0.03,70.25,164615008,11564204312,January-1996,January,11137.5892630004,1.7081965211823216,1.9182578189476376,281194784.00000006
Brazil,BRA,1997,34.52,25,11.76,0.62,0.03,71.93,167208992,12027342794.560001,January-1997,January,11334.8207534073,1.7737412567644755,2.00120378377537,296585487.6124011
Brazil,BRA,1998,32.56,25.57,13.45,0.61,0.03,72.22,169784992,12261872122.24,January-1998,January,11197.7019378884,1.8158582961886198,2.0331205486348085,308305486.29151845
Brazil,BRA,1999,34.43,28.16,13.2,0.61,0.03,76.43,172319008,13170341781.44,January-1999,January,11081.6546205381,1.835447195703448,1.9433294923434312,316282440
Brazil,BRA,2000,34.87,29.59,13.85,0.63,0.04,78.97999999999999,174790000,13804914199.999998,January-2000,January,11370.970939251,1.8549461639681906,1.974473634411895,324226040
Brazil,BRA,2001,34.28,28.5,12.98,0.59,0.03,76.38000000000001,177196000,13534230480.000002,January-2001,January,11368.466449571,1.8792038194993115,1.9635889709818533,332987400
Brazil,BRA,2002,34.94,30.78,12.37,0.57,0.03,78.69,179538000,14127845220,January-2002,January,11559.5605966069,1.8237633927079506,1.8629070488344037,327434832.00000006
Brazil,BRA,2003,33.34,32.42,13.33,0.55,0.03,79.67,181808992,14484722392.64,January-2003,January,11541.9750323446,1.7463836705409421,1.7658970394331357,317508254.78630877
Brazil,BRA,2004,33.43,34.15,13.02,0.59,0.02,81.21,184006000,14943127259.999998,January-2004,January,12058.2077119511,1.8133927371933523,1.8240530931155068,333675144
Brazil,BRA,2005,36.15,27.54,10.22,0.59,0.02,74.52,186127008,13870184636.16,January-2005,January,12298.5879484653,1.8379195780120208,1.855800114746998,342086472
Brazil,BRA,2006,36.61,29.59,11.06,0.6,0.04,77.9,188167008,14658209923.2,January-2006,January,12643.5650089807,1.8172493235370997,1.8719411476406507,341946368
Brazil,BRA,2007,37.19,31.68,11.02,0.6,0.05,80.53999999999999,190130000,15313070199.999998,January-2007,January,13268.41390244,1.877235323199916,1.9644601506827082,356918752
Brazil,BRA,2008,37.41,36.57,11.53,0.61,0.07,86.18999999999998,192030000,16551065699.999996,January-2008,January,13802.8179924238,1.9806524159037564,2.1906744851522655,380344683.42599833
Brazil,BRA,2009,37.83,35.04,11.68,0.6,0.07,85.22,193887008,16523050821.76,January-2009,January,13649.8658402957,1.8572197266564658,1.9872652527023162,360090776
Brazil,BRA,2010,38.69,37.74,12.33,0.6,0.1,89.46,195714000,17508574440,January-2010,January,14537.5671930903,2.1012303258836873,2.3414431913564884,411240192
Brazil,BRA,2011,39.07,40.63,12.57,0.6,0.11,92.98,197515008,18364945443.84,January-2011,January,14973.0984736747,2.1768440401247893,2.458771917682543,429959368.00000006
Brazil,BRA,2012,39.32,40.84,12.65,0.61,0.11,93.53,199287008,18639313858.24,January-2012,January,15119.9121381768,2.308720496220205,2.585255919967052,460097999.99999994
Brazil,BRA,2013,39.25,45,12.6,0.62,0.11,97.58,201036000,19617092880,January-2013,January,15432.8936308141,2.462478202908932,2.7465250115395996,495046768
Brazil,BRA,2014,38.79,44.49,12,0.61,0.35,96.24,202764000,19514007360,January-2014,January,15374.2615071807,2.583762896997182,2.863586245434563,523894100.0467366
Brazil,BRA,2015,37.92,46.16,12.86,0.6,0.34,97.88,204472000,20013719360,January-2015,January,14702.5912680317,2.4219142156693856,2.661050224672788,495213643.50635064
Brazil,BRA,2016,37,46.32,13.04,0.6,0.3,97.25999999999998,206163008,20051414158.079994,January-2016,January,14077.1214085544,2.2030852240712253,2.447026814372948,454194676.6748778
Brazil,BRA,2017,37.05,48.03,13.65,0.6,0.51,99.84,207834000,20750146560,January-2017,January,14103.4515313404,2.2317793031314017,2.468567229887145,463839619.6870117
Canada,CAN,1961,36.64,13.85,26.27,1.62,0.25,78.63000000000001,18234000,1433739420.0000002,January-1961,January,,10.63950277593386,,194000693.616378
Canada,CAN,1962,36.83,13.87,26.01,1.71,0.04,78.46,18597000,1459120620,January-1962,January,,11.130331300544201,,206990771.19622052
Canada,CAN,1963,38.08,14.91,26.27,1.83,0.01,81.1,18943000,1536277300,January-1963,January,,11.133969051456068,,210910775.7417323
Canada,CAN,1964,40.66,15.73,27.45,1.58,0.01,85.43,19284000,1647432120.0000002,January-1964,January,,12.319940534962688,,237577733.27622047
Canada,CAN,1965,43.14,16.39,25.12,1.33,0.02,86,19628000,1688008000,January-1965,January,,12.834572799134774,,251916994.90141734
Canada,CAN,1966,42.47,17.73,25.1,1.56,0.16,87.02000000000001,19976000,1738311520.0000002,January-1966,January,,12.969281677414475,,259074370.78803155
Canada,CAN,1967,42.63,18.27,28.82,1.67,0.24,91.63,20325000,1862379750,January-1967,January,,13.856680743771975,,281637036.1171654
Canada,CAN,1968,43.19,17.85,28.3,1.91,0.25,91.5,20675000,1891762500,January-1968,January,,14.668021268277656,,303261339.7216405
Canada,CAN,1969,42.56,19.44,27.15,1.82,0.35,91.32,21025000,1920002999.9999998,January-1969,January,,14.60733437375453,,307119205.20818895
Canada,CAN,1970,41.17,20.43,31.05,1.72,0.22,94.59,21374000,2021766660,January-1970,January,,15.962253879133456,,341177214.4125985
Canada,CAN,1971,42.8,19.58,32.66,1.27,0.23,96.53999999999999,21723000,2097138419.9999998,January-1971,January,,16.21714690254134,,352285082.16390556
Canada,CAN,1972,42.88,19.83,31.35,1.68,0.25,95.99000000000001,22072000,2118691280.0000002,January-1972,January,,17.252019649559095,,380786577.70506835
Canada,CAN,1973,42.77,20.2,29.39,1.38,0.23,93.97,22415000,2106337550,January-1973,January,,17.009353228848465,,381264652.6246383
Canada,CAN,1974,44.17,19.76,30.64,0.97,0.21,95.75,22746000,2177929500,January-1974,January,,17.128515193618142,,389605206.59403825
Canada,CAN,1975,49.69,18.39,26.27,1.11,0.14,95.6,23059000,2204440400,January-1975,January,,17.206848965161072,,396772730.28764915
Canada,CAN,1976,52.6,19.45,27.26,0.91,0.34,100.56,23355000,2348578800,January-1976,January,,17.081822674673656,,398945968.56700325
Canada,CAN,1977,50.09,20.01,27.17,0.77,0.17,98.21000000000001,23634000,2321095140,January-1977,January,,17.253592486156187,,407771404.8178153
Canada,CAN,1978,46.6,20.52,28.23,0.77,0.21,96.33,23902000,2302479660,January-1978,January,,17.383707132936355,,415505367.89144474
Canada,CAN,1979,40.4,21.9,31.76,0.94,0.18,95.18,24161000,2299643980,January-1979,January,,18.279329828843924,,441646887.99469805
Canada,CAN,1980,40.26,22.08,34.59,0.78,0.07,97.78,24417000,2387494260,January-1980,January,,18.1356124653297,,442817249.5659553
Canada,CAN,1981,41.53,21.88,33.33,0.68,0.14,97.56,24668000,2406610080,January-1981,January,,17.415203039245224,,429598228.5721012
Canada,CAN,1982,41.24,21.97,31.06,0.7,0.15,95.12,24917000,2370105040,January-1982,January,,16.63227501509634,,414426396.5511555
Canada,CAN,1983,41.01,22.08,31.78,0.75,0.04,95.66000000000001,25171000,2407857860.0000005,January-1983,January,,16.221431232059366,,408309645.5421663
Canada,CAN,1984,39.25,22.81,31.2,0.81,0.1,94.17,25445000,2396155650,January-1984,January,,16.710525442511937,,425199319.8847162
Canada,CAN,1985,39.54,24.34,31.79,0.71,0.07,96.44999999999997,25745000,2483105249.9999995,January-1985,January,,16.378930485105386,,421675565.33903813
Canada,CAN,1986,39.66,24.64,30.72,0.86,0.09,95.97,26076000,2502513720,January-1986,January,,15.518487722187205,,404660085.8437536
Canada,CAN,1987,37.49,25.84,30.48,0.84,0.15,94.80000000000001,26433000,2505848400.0000005,January-1987,January,,16.302412931585714,,430921681.02060515
Canada,CAN,1988,37.63,26.88,30.89,0.8,0.01,96.21000000000001,26806000,2579005260,January-1988,January,,16.99649265524411,,455607982.1164737
Canada,CAN,1989,36.99,26.82,29.28,0.76,0.02,93.87,27179000,2551292730,January-1989,January,,17.028502487110444,,462817669.09717476
Canada,CAN,1990,35.76,27.79,27.6,0.79,0.02,91.96000000000001,27541000,2532670360,January-1990,January,31299.6545691346,16.793223901213675,17.198943200758826,462502179.46332586
Canada,CAN,1991,34.99,27.75,27.41,0.83,0.02,91,27889000,2537899000,January-1991,January,30220.3607817756,16.226276277788223,16.856051214262276,452534619.11123574
Canada,CAN,1992,34.08,27.91,29.91,0.8,0.01,92.71,28224000,2616647040,January-1992,January,30115.2812355584,16.535840322115007,17.002112070071206,466707557.25137395
Canada,CAN,1993,32.53,28.94,29.12,0.81,0.01,91.41000000000001,28548000,2609572680.0000005,January-1993,January,30578.4456206007,16.343620589812,16.70510840066762,466577680.597953
Canada,CAN,1994,33.19,30.96,29.99,0.78,0.02,94.94,28861000,2740063340,January-1994,January,31646.8102566853,16.688509232247043,16.92033480087822,481647064.9518819
Canada,CAN,1995,33.36,30.41,29.2,0.75,0.01,93.73,29164000,2733541720,January-1995,January,32226.226936923,16.9469569495557,17.213309506461204,494241052.47684246
Canada,CAN,1996,33.17,30.78,27.17,0.72,0.01,91.85000000000001,29458000,2705717300.0000005,January-1996,January,32394.5778686681,17.30238435135047,17.46109353314373,509693638.2220821
Canada,CAN,1997,33.39,31.89,26.84,0.71,0.01,92.84,29742000,2761247280,January-1997,January,33425.815129343,17.632754829593313,18.43665886845675,524433394.14176434
Canada,CAN,1998,33.88,33.32,30.07,0.76,0.02,98.05000000000001,30022000,2943657100.0000005,January-1998,January,34424.0520624146,17.757012347445475,18.539889220551768,533101024.69500804
Canada,CAN,1999,34.62,34.81,31.82,0.78,0.02,102.05,30303000,3092421150,January-1999,January,35903.1545325561,18.11500531185932,18.366524531321296,548939005.965273
Canada,CAN,2000,34.02,35.93,30.39,0.9,0.04,101.28000000000002,30588000,3097952640.0000005,January-2000,January,37431.9169780243,18.684037718863085,18.98394662055586,571507345.7445841
Canada,CAN,2001,32.74,36.7,30.83,0.98,0.03,101.28,30880000,3127526400,January-2001,January,37712.1282353891,18.271726976155865,18.25448736219591,564230929.0236931
Canada,CAN,2002,32.74,36.68,30.29,0.98,0.06,100.75000000000001,31178000,3141183500.0000005,January-2002,January,38500.3170770124,18.299821958656814,18.687790456211314,570551849.0270021
Canada,CAN,2003,34.59,36.25,27.29,1.03,0.03,99.19,31488000,3123294720,January-2003,January,38805.6711138179,18.65765179014351,17.75743234545881,587492139.5680388
Canada,CAN,2004,33.16,36.61,28.86,1.06,0.02,99.71,31815000,3172273650,January-2004,January,39604.3548611707,18.433719849812174,18.05228086278113,586468797.0217743
Canada,CAN,2005,32.39,36.68,25.24,1.07,0.01,95.38999999999999,32164000,3068123959.9999995,January-2005,January,40471.2605251176,17.93491426951271,18.16536462643811,576858582.5646068
Canada,CAN,2006,32.27,36.78,25.31,1.14,0.02,95.52000000000001,32537000,3107934240.0000005,January-2006,January,41203.3504026759,17.543451449638457,17.455866964423915,570811279.8168864
Canada,CAN,2007,32.79,37.48,27.34,1.16,0.02,98.78999999999999,32931000,3253253489.9999995,January-2007,January,41647.3878092126,18.059945752310252,18.097726018886714,594732073.5693289
Canada,CAN,2008,31.27,37.58,26.38,1.09,0.03,96.35,33338000,3212116300,January-2008,January,41611.2508139689,17.26120321231518,17.666719915742263,575453992.6921635
Canada,CAN,2009,30.8,36.54,25.82,1.1,0.04,94.3,33746000,3182247800,January-2009,January,39924.1959013064,16.092808074133547,16.66427275692849,543067901.2697107
Canada,CAN,2010,29.79,36.72,24.45,1.02,0.05,92.02999999999999,34148000,3142640439.9999995,January-2010,January,40699.3551293841,16.294372912654858,17.399288416787417,556420246.221338
Canada,CAN,2011,29.33,37.05,24.43,1.02,0.06,91.89,34539000,3173788710,January-2011,January,41565.2712210369,16.40680030493106,16.34965807345387,566674475.732014
Canada,CAN,2012,30.51,36.72,24.28,0.9,0.06,92.47000000000001,34922000,3229237340.0000005,January-2012,January,41794.5389176845,16.32660311287973,17.26177793687458,570157633.9079859
Canada,CAN,2013,30.25,36.68,22.81,0.97,0.05,90.76,35297000,3203555720,January-2013,January,42339.3788754169,16.35681156578197,17.315282842059474,577346377.8374063
Canada,CAN,2014,28.44,37.05,22.86,0.98,0.02,89.35,35664000,3186578400,January-2014,January,43079.1425247165,16.188861368066867,17.09210669012654,577359551.8307368
Canada,CAN,2015,27.43,37.88,24.88,0.98,0.01,91.18,36027000,3284941860.0000005,January-2015,January,43149.4758370305,16.009016849552832,16.491484418730824,576756850.0388399
Canada,CAN,2016,21,38.57,23.26,0.98,0.02,83.83,36383000,3049986890,January-2016,January,43238.2596047198,15.503625746981768,15.93660246942172,564068415.5524377
Canada,CAN,2017,18.13,39.02,24.46,0.99,0.01,82.61000000000001,36732000,3034430520.0000005,January-2017,January,44017.5909063335,15.548809686435172,16.107187433789395,571138877.4021367
China,CHN,1961,0.09,0.94,2.04,0.15,0.11,3.33,670953024,2234273569.92,January-1961,January,,0.8211581401904409,,550958537.3429922
China,CHN,1962,0.12,0.96,2.63,0.15,0.11,3.9699999999999998,682102976,2707948814.72,January-1962,January,,0.6440993820601542,,439342105.3429922
China,CHN,1963,0.16,0.98,4.79,0.18,0.11,6.22,694339008,4318788629.76,January-1963,January,,0.627240632618694,,435517638.62975645
China,CHN,1964,0.17,0.99,6.32,0.2,0.13,7.8100000000000005,708254976,5531471362.56,January-1964,January,,0.6151792528205944,,435703766.94214803
China,CHN,1965,0.19,1.01,7.11,0.22,0.13,8.660000000000002,724219008,6271736609.280002,January-1965,January,,0.6554379539933508,,474680624.8466142
China,CHN,1966,0.2,1.01,7.54,0.26,0.14,9.15,742414976,6793097030.400001,January-1966,January,,0.7023819529367364,,521458880.7323603
China,CHN,1967,0.2,1.03,7.83,0.26,0.14,9.46,762580992,7214016184.320001,January-1967,January,,0.5667903625025424,,432223556.8932284
China,CHN,1968,0.2,1.02,7.49,0.26,0.14,9.110000000000001,784075008,7142923322.880001,January-1968,January,,0.5966337890986955,,467805642.96062994
China,CHN,1969,0.2,1.04,7.06,0.26,0.14,8.7,805985984,7012078060.799999,January-1969,January,,0.7145839787072232,,575944671.2289764
China,CHN,1970,0.19,1.03,6.78,0.26,0.14,8.4,827601024,6951848601.6,January-1970,January,,0.9306020268160625,,770167190.3294488
China,CHN,1971,0.21,1.05,7.65,0.28,0.14,9.33,848760000,7918930800,January-1971,January,,1.0297567165887929,,874016310.7719039
China,CHN,1972,0.22,1.08,8.3,0.3,0.15,10.050000000000002,869486016,8738334460.800003,January-1972,January,,1.0683253994967148,,928893995.4000069
China,CHN,1973,0.24,1.1,8.11,0.32,0.14,9.91,889484992,8814796270.72,January-1973,January,,1.085624341952594,,965646559.1167083
China,CHN,1974,0.24,1.14,7.99,0.32,0.14,9.830000000000002,908464000,8930201120.000002,January-1974,January,,1.084341499524634,,985085216.0241472
China,CHN,1975,0.25,1.14,8.06,0.34,0.14,9.930000000000001,926241024,9197573368.320002,January-1975,January,,1.2330504438643972,,1142101905.7686138
China,CHN,1976,0.24,1.2,7.8,0.31,0.15,9.700000000000001,942684992,9144044422.400002,January-1976,January,,1.263374942640983,,1190964597.6965156
China,CHN,1977,0.24,1.24,7.67,0.32,0.15,9.620000000000001,957891008,9214911496.960001,January-1977,January,,1.3617444754456685,,1304402788.2230825
China,CHN,1978,0.24,1.28,8.32,0.33,0.15,10.32,972204992,10033155517.44,January-1978,January,,1.4968628198481282,,1455257505.795547
China,CHN,1979,0.27,1.3,10.22,0.39,0.13,12.310000000000002,986131968,12139284526.080002,January-1979,January,,1.508026368076692,,1487113010.1473608
China,CHN,1980,0.29,1.33,11.39,0.45,0.15,13.610000000000001,1000089024,13611211616.640001,January-1980,January,,1.4587568735531367,,1458886737.9250479
China,CHN,1981,0.29,1.35,11.77,0.47,0.15,14.030000000000001,1014022016,14226728884.480001,January-1981,January,,1.4228314199298882,,1442782384.8654478
China,CHN,1982,0.29,1.39,12.38,0.52,0.16,14.74,1027948992,15151968142.08,January-1982,January,,1.5277687285908241,,1570468324.5640593
China,CHN,1983,0.32,1.41,12.62,0.53,0.18,15.059999999999999,1042430976,15699010498.56,January-1983,January,,1.5884125862156784,,1655810482.5394938
China,CHN,1984,0.36,1.43,13.63,0.56,0.19,16.17,1058172032,17110641757.440002,January-1984,January,,1.7032363747126407,,1802317095.6059885
China,CHN,1985,0.39,1.49,15.36,0.56,0.2,17.999999999999996,1075588992,19360601855.999996,January-1985,January,,1.8146087792637873,,1951773227.7626874
China,CHN,1986,0.5,1.71,15.67,0.57,0.23,18.68,1095014016,20454861818.88,January-1986,January,,1.8741697349618431,,2052242128.1462235
China,CHN,1987,0.67,1.98,16.44,0.65,0.26,20,1116094976,22321899520,January-1987,January,,1.9631420742811458,,2191053006.2794056
China,CHN,1988,0.73,2.43,17.6,0.71,0.27,21.740000000000002,1137724032,24734120455.680004,January-1988,January,,2.0635614860162335,,2347763494.150301
China,CHN,1989,0.8,2.47,18.17,0.84,0.25,22.53,1158356992,26097783029.760002,January-1989,January,,2.060578164984757,,2386885124.972623
China,CHN,1990,0.87,2.73,18.98,0.91,0.22,23.71,1176883968,27903918881.280003,January-1990,January,1526.40869902494,2.0565341816263065,1.9422444581463583,2420302108.0000005
China,CHN,1991,1,3.32,19.87,1,0.23,25.42,1192897024,30323442350.08,January-1991,January,1645.66636638566,2.1283680966203837,2.0122784994302245,2538923968.4350004
China,CHN,1992,1.37,3.74,20.99,1.04,0.42,27.56,1206711040,33256956262.399998,January-1992,January,1856.72218055136,2.201945882245347,2.054648013490456,2657112405.588
China,CHN,1993,1.65,4.72,21.73,1.13,0.42,29.650000000000002,1218817024,36137924761.600006,January-1993,January,2090.03840956191,2.3266785888527273,2.1478752038514504,2835795473.4700007
China,CHN,1994,1.85,5.25,23.22,1.21,0.49,32.02,1230019968,39385239375.36,January-1994,January,2336.27772051927,2.447311658866501,2.2135014963372983,3010242208.3250003
China,CHN,1995,2.21,6.43,23.65,1.41,0.63,34.33,1240920960,42600816556.799995,January-1995,January,2564.07131651646,2.6311562696144644,2.370594652794197,3265056964
China,CHN,1996,2.5,6.4,23.59,1.45,0.63,34.57000000000001,1251635968,43269055413.76001,January-1996,January,2789.25280006157,2.72311333153379,2.4496494111331657,3408346590.688
China,CHN,1997,3.07,7.35,24.39,1.7,0.57,37.080000000000005,1261996032,46794812866.560005,January-1997,January,3015.69963078252,2.7056735518959223,2.369117553296381,3414549286.38
China,CHN,1998,3.37,8.11,25.96,1.86,0.61,39.91,1271981952,50764799704.31999,January-1998,January,3221.00262081845,2.5675699371165295,2.243250261533002,3265902620.51
China,CHN,1999,3.56,8.91,26.34,1.98,0.62,41.41,1281515008,53067536481.28,January-1999,January,3438.07468502092,2.5424086851895846,2.2540862498825778,3258134886.54
China,CHN,2000,3.86,9.54,27.92,2.08,0.61,44.01,1290551040,56797151270.399994,January-2000,January,3700.74364786842,2.595243947887563,2.2945974042222548,3349294776.0000005
China,CHN,2001,3.9,9.24,27.81,2.1,0.71,43.760000000000005,1299129984,56849928099.840004,January-2001,January,3980.36449828146,2.6372604005229396,2.391295219578408,3426144061.9352
China,CHN,2002,3.99,9.27,28.35,2.18,0.81,44.6,1307352064,58307902054.4,January-2002,January,4314.79134256322,2.893206353203111,2.5698148235530622,3782439297.438
China,CHN,2003,4.13,9.64,29.65,2.35,0.86,46.63,1315303936,61332622535.68,January-2003,January,4718.32634605353,3.3850049212024107,2.9022408883806152,4452310296.2369
China,CHN,2004,4.22,9.46,29.63,2.51,0.92,46.74,1323085056,61840995517.44,January-2004,January,5164.64109457187,3.874198709451677,3.270382492658952,5125894416.45
China,CHN,2005,4.22,10.1,30.53,2.63,0.97,48.45,1330776064,64476100300.8,January-2005,January,5719.45536599539,4.336693900740314,3.624184586612228,5771168440.000002
China,CHN,2006,4.24,10.36,31.63,2.71,1.02,49.96,1338408960,66866911641.6,January-2006,January,6411.0425444815,4.765171338960552,3.859077031227018,6377748015.999999
China,CHN,2007,4.49,11.1,31.93,2.85,1.07,51.44,1345993984,69237930536.95999,January-2007,January,7285.27441480908,5.097905884845322,4.133608564410785,6861750652.000001
China,CHN,2008,4.47,11.76,33.6,2.82,1.06,53.71,1353569024,72700192279.04001,January-2008,January,7947.78795240087,5.448698792770247,4.425142295139644,7375189907.000002
China,CHN,2009,4.65,12.07,34.68,2.88,1.11,55.39,1361169024,75395152239.36,January-2009,January,8651.72590128034,5.700108973387864,4.868180561630948,7758811768.000001
China,CHN,2010,4.79,12.22,35.71,2.97,1.16,56.849999999999994,1368811008,77816905804.79999,January-2010,January,9525.81848339164,6.2101653517678335,5.28427522205546,8500542695.000003
China,CHN,2011,4.71,12.39,35.62,2.93,1.2,56.85,1376498048,78253914028.8,January-2011,January,10384.3665989406,6.820350561078311,5.7710032495150445,9388199234
China,CHN,2012,4.8,13.07,37.56,3,1.19,59.620000000000005,1384205952,82526358858.24,January-2012,January,11145.7515754935,6.959874207360727,5.919063751946668,9633899303
China,CHN,2013,5.12,13.2,38.43,3.13,1.18,61.06,1391883008,84988376468.48,January-2013,January,11951.2479591608,7.0383265717688825,5.97302343870894,9796527160
China,CHN,2014,5.02,12.58,39.02,3.06,1.15,60.830000000000005,1399453952,85128783900.16,January-2014,January,12758.647789259,7.017280188640141,5.943164493139867,9820360492.28375
China,CHN,2015,5.24,12.27,38.92,3.09,1.17,60.69,1406848000,85381605120,January-2015,January,13569.8915267324,6.906551269386697,5.933451856266194,9716467840.234137
China,CHN,2016,5.43,13.06,37.98,3.19,1.18,60.839999999999996,1414049024,86030742620.15999,January-2016,January,14400.8850630561,6.86290168662538,5.987147255888001,9704479431.780571
China,CHN,2017,5.58,12.88,37.63,3.25,1.25,60.59,1421021952,86099720071.68001,January-2017,January,15308.712122905,6.923717127954223,6.015765027600409,9838754028.261343
France,FRA,1961,28.56,11.04,25.94,2.27,9.16,76.96999999999998,46267000,3561170989.9999995,January-1961,January,,6.081512471416282,,281373337.5150171
France,FRA,1962,28.68,11.13,26.9,2.24,9.28,78.23,46907000,3669534610,January-1962,January,,6.371469935850617,,298866540.2809449
France,FRA,1963,28.53,11.64,26.75,2.12,9.5,78.54,47561000,3735440940.0000005,January-1963,January,,7.027321052480139,,334226416.5770079
France,FRA,1964,28.28,12.13,27.25,2.24,9.63,79.52999999999999,48184000,3832073519.9999995,January-1964,January,,7.171220346763109,,345538081.18843365
France,FRA,1965,28.02,12.48,28.5,2.4,9.8,81.2,48747000,3958256400,January-1965,January,,7.223246645238334,,352111604.21543306
France,FRA,1966,29.15,9.15,28.45,2.56,10.09,79.4,49233000,3909100200.0000005,January-1966,January,,7.060402053407938,,347604774.29543304
France,FRA,1967,29.52,9.46,29.49,2.6,10.49,81.55999999999999,49651000,4049535559.9999995,January-1967,January,,7.5018690873763445,,372475302.05732286
France,FRA,1968,29.98,9.49,30.57,2.64,10.71,83.38999999999999,50025000,4171584749.9999995,January-1968,January,,7.698171693718494,,385101038.97826767
France,FRA,1969,30.32,11.63,29.63,2.75,11.09,85.42,50387000,4304057540,January-1969,January,,8.211631337804448,,413759468.2179527
France,FRA,1970,29.99,11.99,30.54,2.83,11.17,86.52,50764000,4392101280,January-1970,January,,8.660173701314958,,439625057.77355254
France,FRA,1971,29.71,12.11,31.96,3.04,11.15,87.97000000000001,51163000,4500809110.000001,January-1971,January,,9.052077070247433,,463131419.1450694
France,FRA,1972,28.6,13.06,32.54,3.22,11.26,88.68,51573000,4573493640,January-1972,January,,9.337985969081704,,481587950.3834507
France,FRA,1973,28.38,14.22,32.17,3.3,11.3,89.37,51980000,4645452600,January-1973,January,,9.956566065439024,,517542304.08152044
France,FRA,1974,29,14.33,32.44,3.29,11.11,90.17,52357000,4721030690,January-1974,January,,9.549217163064055,,499968363.0065447
France,FRA,1975,29.7,14.04,33.22,3.43,11.16,91.55,52689000,4823677950,January-1975,January,,8.497943753408627,,447748158.4233472
France,FRA,1976,30.5,14.81,33.56,3.51,11.23,93.61000000000001,52969000,4958428090.000001,January-1976,January,,9.564361932092703,,506614687.1810184
France,FRA,1977,30.96,14.93,34.31,3.57,11.05,94.82,53209000,5045277380,January-1977,January,,9.056887098290979,,481907905.6129647
France,FRA,1978,31.24,15.62,35.85,3.54,10.75,97.00000000000001,53423000,5182031000.000001,January-1978,January,,9.485440239155574,,506740673.89640826
France,FRA,1979,32.76,15.86,36.77,3.66,11.09,100.14,53637000,5371209180,January-1979,January,,9.886472722182962,,530280737.3997275
France,FRA,1980,32.7,16.04,37.46,3.82,10.85,100.86999999999999,53868000,5433665159.999999,January-1980,January,,9.39489924312342,,506084432.4285724
France,FRA,1981,31.59,16.48,35.7,4.16,10.44,98.37,54121000,5323882770,January-1981,January,,8.41615820200633,,455490898.0507845
France,FRA,1982,30.98,18.03,35.31,4.26,9.08,97.66000000000001,54391000,5311825060.000001,January-1982,January,,8.050745499820797,,437888098.480753
France,FRA,1983,31.27,16.4,35.4,4.14,9.64,96.85,54675000,5295273750,January-1983,January,,7.751763031582055,,423827643.75174886
France,FRA,1984,31.89,16.79,35.35,4.23,9.41,97.67,54965000,5368431550,January-1984,January,,7.407926799824068,,407176696.5523299
France,FRA,1985,31.6,17.57,35.21,4.06,9.33,97.77,55255000,5402281350,January-1985,January,,7.281174368332027,,402321289.72218615
France,FRA,1986,31.56,17.85,35.37,4.36,6.51,95.65,55545000,5312879250,January-1986,January,,6.9722612793223,,387274252.75995713
France,FRA,1987,31.44,19.28,35.91,4.52,7.08,98.22999999999999,55838000,5484966739.999999,January-1987,January,,6.797094876407068,,379536183.7088179
France,FRA,1988,29.99,19.46,36.76,4.54,6.95,97.70000000000002,56126000,5483510200.000001,January-1988,January,,6.672138992397701,,374480473.08731335
France,FRA,1989,29.99,20.58,36.33,4.57,6.79,98.26,56404000,5542257040,January-1989,January,,6.963015659837658,,392741935.2774832
France,FRA,1990,33.01,20.82,33.79,4.48,6.6,98.7,56667000,5593032900,January-1990,January,29514.8538107688,7.074021739777123,8.568346299921323,400863589.92795026
France,FRA,1991,34.46,21.62,33.89,4.4,6.56,100.93,56914000,5744330020,January-1991,January,29797.8624063936,7.48969199412685,9.156681469769188,426268330.1537355
France,FRA,1992,30.24,21.72,35.2,4.38,6.49,98.02999999999999,57147000,5602120409.999999,January-1992,January,30124.3665253161,7.272971346750732,8.793212036295051,415628493.5527641
France,FRA,1993,26.39,21.07,35.79,4.39,6.42,94.06,57370000,5396222200,January-1993,January,29810.3625127999,6.898156033034138,8.532732882092876,395747211.6151685
France,FRA,1994,25.85,23.12,35.72,4.33,6.07,95.09,57587000,5475947830,January-1994,January,30396.1754804502,6.781582988673253,8.540654650114558,390531019.5687266
France,FRA,1995,27.91,23.76,35.83,4.32,6.04,97.86,57802000,5656503720,January-1995,January,30918.0679594151,6.878057783416999,8.75749498562764,397565495.99706936
France,FRA,1996,27.67,25.62,35.43,4.33,6.17,99.22,58012000,5755950640,January-1996,January,31236.413343532,7.120567681116241,8.894167014799583,413078372.3169154
France,FRA,1997,27.6,26.36,35.63,4.36,5.9,99.85000000000001,58221000,5813366850.000001,January-1997,January,31853.630656253,6.972946714761923,8.68168468297584,405971930.6801539
France,FRA,1998,27.79,26.71,37.28,4.31,5.84,101.93,58444000,5957196920,January-1998,January,32865.0464844265,7.279396554895739,9.063667385379304,425437052.2543266
France,FRA,1999,26.23,25.33,37.18,4.24,5.83,98.81,58704000,5800542240,January-1999,January,33810.4032514718,7.18249862913421,8.889261472015434,421641399.5246947
France,FRA,2000,26.04,26.46,37.55,4.23,5.82,100.1,59015000,5907401500,January-2000,January,34880.8818230204,7.050238049486921,8.861274325304148,416069798.4904706
France,FRA,2001,27.49,27.56,37.37,3.44,5.7,101.55999999999999,59384000,6031039039.999999,January-2001,January,35304.7307160001,7.084731670520609,8.785047865151173,420719705.5221959
France,FRA,2002,28.07,25.69,35.83,3.43,5.04,98.06000000000002,59803000,5864282180.000001,January-2002,January,35440.9219060106,6.955039155724531,8.742090050757595,415932206.6297941
France,FRA,2003,26.29,24.48,37.55,3.4,4.51,96.23,60252000,5798049960,January-2003,January,35479.0103541576,7.014430011076354,8.701222467594024,422633437.0273725
France,FRA,2004,26.24,24.21,33.57,3.37,3.77,91.16000000000001,60698000,5533229680.000001,January-2004,January,36200.0762692475,6.980627921637869,9.031148792843096,423710153.5875754
France,FRA,2005,26.52,20.78,34.4,3.35,3.25,88.29999999999998,61120000,5396895999.999999,January-2005,January,36505.8487338901,6.986848509053488,8.882144353699859,427036180.8733492
France,FRA,2006,25.77,20.08,30.89,3.32,3.3,83.35999999999999,61509000,5127390239.999999,January-2006,January,37113.1834120459,6.764419952109111,8.639244781647907,416072706.8342793
France,FRA,2007,26.67,20.98,29.31,3.31,3.47,83.74000000000001,61869000,5180910060.000001,January-2007,January,37755.2945139046,6.555322269964974,8.89042231684233,405571233.520463
France,FRA,2008,25.83,24.18,34.75,3.36,2.9,91.02,62209000,5662263180,January-2008,January,37618.2073423763,6.418309215911029,8.638522264612355,399276598.01260924
France,FRA,2009,26.1,23.66,34.88,3.35,2.43,90.42000000000002,62543000,5655138060.000001,January-2009,January,36324.3615384237,6.1104458009333165,8.257909224176146,382165611.7277724
France,FRA,2010,25.92,23.05,34.47,3.33,3.7,90.47,62880000,5688753600,January-2010,January,36855.8446824064,6.199649436567167,8.179644833436257,389833956.5713435
France,FRA,2011,25.35,23.72,33.46,3.3,3.46,89.28999999999999,63222000,5645092379.999999,January-2011,January,37440.6414948094,5.777014083779398,8.39440644073898,365234384.4047011
France,FRA,2012,25.12,24.01,33.63,3.3,3.4,89.46000000000001,63564000,5686435440.000001,January-2012,January,37327.9444016171,5.755534946738598,7.5301142769860485,365844823.35449225
France,FRA,2013,23.81,22.93,33.05,3.28,3.7,86.77,63894000,5544082380,January-2013,January,37350.2782677477,5.741570878180578,7.4064048338892645,366851929.69046986
France,FRA,2014,23.99,23.94,33.42,3.3,1.48,86.13,64194000,5529029220,January-2014,January,37523.7275771828,5.225025344119585,6.997514689978078,335415276.94041264
France,FRA,2015,24,23.95,33.69,3.31,1.3,86.25,64453000,5559071250,January-2015,January,37766.3741116872,5.2923198459741485,6.995437135581219,341105891.0325718
France,FRA,2016,23.66,23.98,32.89,3.1,1.64,85.27,64668000,5514240360,January-2016,January,38062.6397284874,5.303326598877206,6.967041451793122,342955524.49619114
France,FRA,2017,23.15,22.9,32.78,2.84,1.37,83.04,64843000,5384562720,January-2017,January,38605.6708967878,5.34419281753299,7.074835940273643,346533494.8672917
Germany,DEU,1961,19.92,4.98,37.28,0.74,0.92,63.84000000000001,73928000,4719563520.000001,January-1961,January,,11.292603927436474,,834839623.1475236
Germany,DEU,1962,21.49,5.44,36.46,0.79,1,65.18,74489000,4855193020.000001,January-1962,January,,11.85636272952719,,883168603.3597509
Germany,DEU,1963,20.97,5,36.82,0.68,1.03,64.5,75081000,4842724500,January-1963,January,,12.593039324269947,,945497985.5055119
Germany,DEU,1964,20.17,5.43,38.89,0.59,0.92,66.00000000000001,75677000,4994682000.000001,January-1964,January,,12.803328429724697,,968917485.576276
Germany,DEU,1965,19.99,5.72,40.28,0.51,0.92,67.42,76258000,5141314360,January-1965,January,,12.59018382329527,,960102237.9968507
Germany,DEU,1966,20.67,5.93,39.6,0.49,1.04,67.73,76820000,5203018600,January-1966,January,,12.385081913204495,,951421992.5723693
Germany,DEU,1967,20.83,6.28,40.8,0.42,1.13,69.46,77357000,5373217219.999999,January-1967,January,,12.102711037442825,,936229417.7234646
Germany,DEU,1968,21.68,6.55,43.76,0.39,1.09,73.47,77847000,5719419090,January-1968,January,,12.65033736959032,,984790813.2104976
Germany,DEU,1969,22.18,6.77,43.58,0.4,1.06,73.99000000000001,78261000,5790531390.000001,January-1969,January,,13.442210446864303,,1052000831.7820473
Germany,DEU,1970,23.41,7.44,44.89,0.42,1.14,77.30000000000001,78578000,6074079400.000001,January-1970,January,,13.057373631641006,,1026022305.227087
Germany,DEU,1971,23.24,7.96,47.52,0.4,1.26,80.38000000000001,78790000,6333140200.000001,January-1971,January,,13.164565134179469,,1037236086.9220004
Germany,DEU,1972,22.83,8.23,49.2,0.43,1.28,81.97000000000001,78902000,6467596940.000001,January-1972,January,,13.199659177973478,,1041479508.4604634
Germany,DEU,1973,22.94,8.47,48.68,0.52,1.31,81.92,78932000,6466109440,January-1973,January,,13.755336879434154,,1085736250.5674965
Germany,DEU,1974,23.39,8.06,51.72,0.53,1.27,84.97,78910000,6704982700,January-1974,January,,13.467549607455032,,1062724339.5242766
Germany,DEU,1975,22.9,8.75,52.83,0.69,1.28,86.44999999999999,78856000,6817101199.999999,January-1975,January,,12.712334978293889,,1002443887.048343
Germany,DEU,1976,22.85,8.49,52.77,0.76,1.27,86.14000000000001,78782000,6786281480.000001,January-1976,January,,13.846266150220659,,1090836539.846684
Germany,DEU,1977,22.62,8.89,53.52,0.79,1.3,87.12,78687000,6855211440,January-1977,January,,13.377103024007317,,1052604105.6500638
Germany,DEU,1978,23.36,9.46,56.25,0.81,1.35,91.22999999999999,78574000,7168306019.999999,January-1978,January,,13.733897117577477,,1079127232.1165328
Germany,DEU,1979,22.84,9.48,57.98,0.88,1.32,92.49999999999999,78438000,7255514999.999999,January-1979,January,,14.25179284637366,,1117882127.283857
Germany,DEU,1980,23.04,9.66,60.05,0.9,1.31,94.96000000000001,78283000,7433753680.000001,January-1980,January,,14.052341498731622,,1100059449.5452075
Germany,DEU,1981,22.94,9.59,60.76,0.81,1.24,95.33999999999999,78108000,7446816719.999999,January-1981,January,,13.42393363481396,,1048516608.3480488
Germany,DEU,1982,22.26,9.72,59.23,0.88,1.21,93.3,77926000,7270495800,January-1982,January,,13.034505198563048,,1015726852.103224
Germany,DEU,1983,22.32,9.39,60.68,0.95,1.23,94.57000000000001,77770000,7354708900.000001,January-1983,January,,13.007550413772256,,1011597195.6790683
Germany,DEU,1984,21.83,9.51,61.08,0.89,1.16,94.46999999999998,77682000,7338618539.999999,January-1984,January,,13.30084996589606,,1033236627.0507377
Germany,DEU,1985,22.63,9.45,62.04,0.87,1.1,96.09,77692000,7465424280,January-1985,January,,13.439093936033697,,1044110086.0783299
Germany,DEU,1986,22.75,9.63,62.49,0.83,0.99,96.69,77806000,7523062140,January-1986,January,,13.462499569325189,,1047463241.4909157
Germany,DEU,1987,23.01,10.14,63.14,0.88,1,98.17,78016000,7658830720,January-1987,January,,13.233616765806861,,1032433845.6011881
Germany,DEU,1988,22.6,10.63,63.02,0.8,0.92,97.97,78308000,7671834760,January-1988,January,,13.140603049431284,,1029014343.594865
Germany,DEU,1989,21.98,10.49,60.09,0.89,0.89,94.34,78660000,7420784400,January-1989,January,,12.824580076256517,,1008781468.7983376
Germany,DEU,1990,21.72,11.1,59.54,1.02,0.91,94.28999999999999,79054000,7454001659.999999,January-1990,January,31287.0698103409,13.313938994257297,14.683651474534477,1052520133.2520164
Germany,DEU,1991,21.07,11.43,53.45,0.87,0.91,87.73,79491000,6973745430,January-1991,January,32646.5618381478,12.761696762900446,14.46050847073295,1014440037.3797194
Germany,DEU,1992,19.93,12.06,52.92,0.96,1.11,86.97999999999999,79963000,6955181739.999999,January-1992,January,33022.5755518938,12.0827978656912,13.76680306800775,966176765.7342654
Germany,DEU,1993,17.49,11.13,53.53,0.92,1.08,84.15,80429000,6768100350,January-1993,January,32492.5185329959,11.89269378866806,13.744952976210161,956517468.7287834
Germany,DEU,1994,16.39,11.99,53.37,0.94,1.14,83.83,80833000,6776230390,January-1994,January,33175.7085774638,11.627780149803504,13.633087720128325,939908352.8490666
Germany,DEU,1995,15.69,11.61,51.34,0.97,1.82,81.42999999999999,81139000,6607148769.999999,January-1995,January,33653.1296358835,11.579423379433013,13.792614830951104,939542833.5838152
Germany,DEU,1996,16.01,13.32,52.49,1.05,1.94,84.81,81324000,6897088440,January-1996,January,33830.3056593287,11.79979277005055,13.666702460443233,959606347.2315909
Germany,DEU,1997,14.61,12.95,51.04,0.98,1.99,81.57,81399000,6639716429.999999,January-1997,January,34405.5192090796,11.446704961765748,13.217427983909586,931750337.1827701
Germany,DEU,1998,14.24,13.67,54.55,1,2.2,85.66,81403000,6972980980,January-1998,January,35081.304207874,11.3487672152136,13.287408665370005,923823697.6200327
Germany,DEU,1999,12.57,12.49,54.42,0.97,2.47,82.92,81390000,6748858800,January-1999,January,35755.2993074406,11.01256410245681,12.990458673506915,896312592.2989599
Germany,DEU,2000,13.02,12.7,52.75,1.01,3.26,82.74000000000001,81401000,6735118740.000001,January-2000,January,36764.5629268974,11.060997527111205,12.977905848865582,900376259.7043792
Germany,DEU,2001,10.39,14.07,51.27,0.95,4.66,81.34,81454000,6625468360,January-2001,January,37325.0525470646,11.25681393036827,13.001824362865177,916912521.8842171
Germany,DEU,2002,11.54,13.14,52.05,0.88,3.12,80.72999999999999,81535000,6582320549.999999,January-2002,January,37262.3512875562,11.042954512743306,12.674858837134437,900387296.1965255
Germany,DEU,2003,11.46,13.49,53.47,0.86,3.83,83.11,81614000,6782939540,January-2003,January,36977.3460076486,11.044787948992381,13.00640724124694,901409323.6690642
Germany,DEU,2004,12.28,14.52,53.61,0.9,1.34,82.65,81646000,6748041900,January-2004,January,37418.0924996579,10.869582691634179,13.008470461327969,887457948.4411641
Germany,DEU,2005,12.09,14.41,53.21,0.97,1.33,82.01,81603000,6692262030,January-2005,January,37703.9329399406,10.620203881017966,12.748396942542502,866640497.3027091
Germany,DEU,2006,12.17,13.93,53.43,0.9,2,82.43,81472000,6715736960.000001,January-2006,January,39143.1662435764,10.77764707784412,13.09514216620641,878076462.7261162
Germany,DEU,2007,12.78,15.14,54.54,0.9,2.69,86.05000000000001,81278000,6993971900.000001,January-2007,January,40473.5274498896,10.475386923614828,12.475001549115222,851418498.377566
Germany,DEU,2008,12.56,16.65,53.04,0.82,2.64,85.71,81066000,6948166859.999999,January-2008,January,40989.4431148599,10.531806392020348,12.36169705405395,853771416.9755216
Germany,DEU,2009,12.55,16.8,53.34,0.78,2.49,85.96,80900000,6954163999.999999,January-2009,January,38784.4524824906,9.751835771858458,11.547866808525585,788923513.9433492
Germany,DEU,2010,12.59,17.78,54.21,0.77,2.19,87.53999999999999,80827000,7075595579.999999,January-2010,January,40428.7210307617,10.29838642946372,12.096413264211744,832387679.9342642
Germany,DEU,2011,13.37,17.97,53.48,0.88,2.22,87.91999999999999,80856000,7108859519.999999,January-2011,January,42692.5197566424,10.014699543433203,12.02601987203736,809748546.283835
Germany,DEU,2012,13.34,17.61,52.43,0.75,2.28,86.41,80973000,6996876930,January-2012,January,42822.0994035797,10.054437631742266,11.413516780434946,814137978.3550665
Germany,DEU,2013,13.16,17.75,51.81,0.73,2.48,85.93,81174000,6975281820.000001,January-2013,January,42914.4761126655,10.24429440681428,11.37353970397945,831570354.1787424
Germany,DEU,2014,13.53,18.28,52.93,0.81,2.6,88.15,81450000,7179817500,January-2014,January,43560.6192440775,9.733495216273147,10.948019963800705,792793185.3654478
Germany,DEU,2015,14.17,18.49,51.91,0.81,2.5,87.88,81787000,7187441560,January-2015,January,43937.9471317278,9.731858963360104,10.840365494731406,795939549.0363328
Germany,DEU,2016,14.6,19.4,51.24,0.81,2.48,88.53000000000002,82194000,7276634820.000001,January-2016,January,44431.8228379944,9.753203752395347,10.8350445597293,801654829.2243831
Germany,DEU,2017,14.91,19.47,50.45,0.82,2.13,87.77999999999999,82658000,7255719239.999999,January-2017,January,45229.2452947032,9.653831451755481,10.82575727330927,797966400.1392046
India,IND,1961,2.3,0.17,0.34,0.78,0.11,3.6999999999999997,459641984,1700675340.8,January-1961,January,,0.28368367934598915,,130392929.20301028
India,IND,1962,2.3,0.17,0.33,0.81,0.11,3.7199999999999998,469076992,1744966410.2399998,January-1962,January,,0.3058172601354599,,143451840.48602304
India,IND,1963,2.28,0.17,0.32,0.8,0.11,3.6799999999999993,478825984,1762079621.1199996,January-1963,January,,0.32176232395553833,,154068161.38213742
India,IND,1964,2.29,0.17,0.31,0.79,0.11,3.67,488848000,1794072160,January-1964,January,,0.3081509873840606,,150638993.88072327
India,IND,1965,2.29,0.17,0.3,0.78,0.11,3.65,499123008,1821798979.2,January-1965,January,,0.33250594124484895,,165961365.57200027
India,IND,1966,2.29,0.17,0.29,0.76,0.12,3.63,509632000,1849964160,January-1966,January,,0.3368869958844769,,171688393.48659775
India,IND,1967,2.31,0.17,0.3,0.75,0.12,3.65,520400992,1899463620.8,January-1967,January,,0.33069331106541716,,172093127.12620768
India,IND,1968,2.32,0.17,0.31,0.73,0.12,3.65,531513984,1940026041.6,January-1968,January,,0.3520219922285508,,187104611.54501408
India,IND,1969,2.32,0.17,0.3,0.71,0.13,3.6299999999999994,543084032,1971395036.1599996,January-1969,January,,0.3505910023930663,,190400375.1625481
India,IND,1970,2.32,0.17,0.31,0.69,0.12,3.61,555190016,2004235957.76,January-1970,January,,0.3507428995521277,,194728956.01423216
India,IND,1971,2.33,0.17,0.34,0.67,0.13,3.6399999999999997,567868032,2067039636.4799998,January-1971,January,,0.36157969781614485,,205329551.41000888
India,IND,1972,2.3,0.16,0.35,0.65,0.13,3.59,581086976,2086102243.84,January-1972,January,,0.37375116922704754,,217181936.7026093
India,IND,1973,2.31,0.16,0.35,0.64,0.14,3.6000000000000005,594769984,2141171942.4000003,January-1973,January,,0.3759475108383735,,223602295.00617924
India,IND,1974,2.33,0.16,0.35,0.63,0.14,3.6100000000000003,608803008,2197778858.88,January-1974,January,,0.3797364853590541,,231184714.53394008
India,IND,1975,2.34,0.16,0.34,0.64,0.13,3.61,623102976,2249401743.36,January-1975,January,,0.40313288791792,,251193302.18513042
India,IND,1976,2.35,0.16,0.34,0.63,0.12,3.6,637630016,2295468057.6,January-1976,January,,0.41173054576579754,,262531754.48433423
India,IND,1977,2.34,0.16,0.34,0.62,0.12,3.58,652409024,2335624305.92,January-1977,January,,0.42557399673036783,,277648315.84663844
India,IND,1978,2.33,0.16,0.35,0.63,0.12,3.5900000000000003,667500032,2396325114.88,January-1978,January,,0.4217814924137752,,281539159.68320274
India,IND,1979,2.33,0.17,0.37,0.62,0.13,3.62,682995008,2472441928.96,January-1979,January,,0.4323589579780183,,295299009.9630683
India,IND,1980,2.33,0.19,0.37,0.65,0.14,3.68,698953024,2572147128.32,January-1980,January,,0.447075686910046,,312484903.3226539
India,IND,1981,2.33,0.2,0.39,0.65,0.14,3.7100000000000004,715385024,2654078439.0400004,January-1981,January,,0.47122202931285223,,337105182.7493035
India,IND,1982,2.49,0.21,0.4,0.69,0.15,3.94,732238976,2885021565.44,January-1982,January,,0.475002895875667,,347815634.07303303
India,IND,1983,2.48,0.22,0.4,0.68,0.14,3.9200000000000004,749428992,2937761648.6400003,January-1983,January,,0.502617764841377,,376676324.8663662
India,IND,1984,2.45,0.23,0.4,0.67,0.14,3.89,766833024,2982980463.36,January-1984,January,,0.5032762494148947,,385928848.24620193
India,IND,1985,2.45,0.24,0.46,0.67,0.15,3.97,784360000,3113909200,January-1985,January,,0.5408945446045205,,424256045.00600165
India,IND,1986,2.43,0.26,0.46,0.67,0.15,3.97,801974976,3183840654.7200003,January-1986,January,,0.5674323253699367,,455066525.52017915
India,IND,1987,2.44,0.38,0.45,0.71,0.14,4.12,819681984,3377089774.08,January-1987,January,,0.5929949936826584,,486067312.9238689
India,IND,1988,2.41,0.38,0.46,0.71,0.15,4.11,837468992,3441997557.1200004,January-1988,January,,0.6269863981783321,,525081666.8801184
India,IND,1989,2.38,0.41,0.46,0.7,0.15,4.1000000000000005,855334976,3506873401.6000004,January-1989,January,,0.6738933602776335,,576404561.139629
India,IND,1990,2.36,0.45,0.48,0.69,0.14,4.12,873278016,3597905425.92,January-1990,January,1754.85732984073,0.7060514883795034,0.7048014622287421,616579242.9658997
India,IND,1991,2.32,0.59,0.48,0.69,0.14,4.22,891273024,3761172161.2799997,January-1991,January,1737.61504297482,0.7368571416509349,0.732389794493558,656740892.895225
India,IND,1992,2.31,0.6,0.49,0.68,0.14,4.22,909307008,3837275573.7599998,January-1992,January,1796.5323495145,0.7684499773640808,0.755293964930818,698756949.7146001
India,IND,1993,2.26,0.66,0.49,0.68,0.14,4.2299999999999995,927404032,3922919055.3599997,January-1993,January,1845.14908066473,0.7794814713672715,0.7614900813302112,722894259.4153001
India,IND,1994,2.21,0.67,0.48,0.68,0.14,4.18,945601984,3952616293.12,January-1994,January,1930.1130467977,0.8082069579125614,0.7867237035336426,764242102.8847225
India,IND,1995,2.14,0.67,0.47,0.68,0.14,4.1000000000000005,963923008,3952084332.8000007,January-1995,January,2036.79592888191,0.8418316815116045,0.8061222203548842,811460926.6723638
India,IND,1996,2.11,0.68,0.47,0.68,0.14,4.08,982364992,4008049167.36,January-1996,January,2149.36550383277,0.8946034589304191,0.8397395813014356,878827119.7753536
India,IND,1997,2.06,0.67,0.47,0.68,0.14,4.0200000000000005,1000899968,4023617871.3600006,January-1997,January,2194.90258962085,0.9142265383285285,0.870659488591799,915049312.957775
India,IND,1998,2.06,0.73,0.46,0.67,0.14,4.06,1019484032,4139105169.9199996,January-1998,January,2288.04783903043,0.9157075823082265,0.8700272101238311,933549258.1445626
India,IND,1999,2.01,0.79,0.45,0.66,0.14,4.05,1038057984,4204134835.2,January-1999,January,2445.75107851024,0.9587451635156926,0.9219943338040127,995233071.6088502
India,IND,2000,1.87,0.87,0.45,0.65,0.14,3.9800000000000004,1056576000,4205172480.0000005,January-2000,January,2495.04663284869,0.9745042088687182,0.8999807303943246,1029637758.9896748
India,IND,2001,1.89,0.91,0.44,0.65,0.14,4.029999999999999,1075000064,4332250257.919999,January-2001,January,2570.42788703983,0.9633863103546845,0.8985622199925597,1035640345.2880096
India,IND,2002,1.81,1.05,0.43,0.64,0.14,4.07,1093316992,4449800157.440001,January-2002,January,2623.33027850988,0.9581810756925471,0.8819379194378778,1047595651.4674999
India,IND,2003,1.75,1.14,0.43,0.63,0.14,4.09,1111522944,4546128840.96,January-2003,January,2783.00435524556,0.9823216114207803,0.920602016172877,1091873009.4812498
India,IND,2004,1.79,1.21,0.4,0.64,0.14,4.18,1129623040,4721824307.2,January-2004,January,2955.20482376936,1.0140953213812123,0.9551913550651242,1145545439.788422
India,IND,2005,1.67,1.28,0.38,0.66,0.14,4.13,1147609984,4739629233.92,January-2005,January,3178.82872375265,1.0544921041670439,0.9720368344107142,1210145666.7912676
India,IND,2006,1.65,1.36,0.35,0.67,0.13,4.16,1165485952,4848421560.32,January-2006,January,3419.93110735393,1.1043884391664922,1.0285812867545976,1287149211.3997533
India,IND,2007,1.67,1.54,0.33,0.68,0.13,4.35,1183208960,5146958976,January-2007,January,3698.77749042629,1.1749856013023139,1.1003959727166408,1390253491.3318856
India,IND,2008,1.68,1.63,0.33,0.64,0.13,4.409999999999999,1200669952,5294954488.319999,January-2008,January,3786.63267681153,1.2892725603651027,1.1906966268007162,1547990823.168485
India,IND,2009,1.6,1.78,0.32,0.61,0.13,4.4399999999999995,1217725952,5406703226.879999,January-2009,January,4049.80511471348,1.4125678749287482,1.3406163731367298,1720120560.2622268
India,IND,2010,1.46,1.84,0.31,0.63,0.14,4.38,1234280960,5406150604.8,January-2010,January,4404.69700530387,1.3773423147232366,1.3053090421794815,1700027394.4652188
India,IND,2011,1.23,1.85,0.3,0.62,0.14,4.14,1250288000,5176192320,January-2011,January,4635.87913658849,1.4492352096056091,1.347191739859193,1811961391.7473779
India,IND,2012,1.22,1.86,0.29,0.6,0.14,4.11,1265779968,5202355668.4800005,January-2012,January,4827.5596557662,1.56349994390813,1.447605552355262,1979046908.9680347
India,IND,2013,0.81,1.88,0.28,0.58,0.14,3.69,1280841984,4726306920.96,January-2013,January,5073.60548933396,1.556867294020995,1.4053712686329556,1994100993.6985626
India,IND,2014,0.73,1.98,0.23,0.46,0.1,3.5,1295601024,4534603584,January-2014,January,5385.14181406703,1.6975905394518658,1.5325004768395032,2199400041.2465496
India,IND,2015,0.79,2.1,0.23,0.45,0.1,3.6700000000000004,1310151936,4808257605.120001,January-2015,January,5756.66466489307,1.7541248667955764,1.6078611328306665,2298170090.2179666
India,IND,2016,0.8,2.17,0.24,0.45,0.11,3.77,1324516992,4993429059.84,January-2016,January,6095.72279590336,1.7906545253709487,1.6435560768601805,2371752345.6555166
India,IND,2017,0.76,2.22,0.25,0.44,0.11,3.7800000000000002,1338676992,5060199029.76,January-2017,January,6426.67440634599,1.8353602102222975,1.6879924061864264,2456954485.456873
Indonesia,IDN,1961,1.7,0.6,1.03,0.39,0.01,3.73,90098000,336065540,January-1961,January,,0.2885923697503139,,26001595.32976378
Indonesia,IDN,1962,1.74,0.59,1.12,0.39,0.01,3.85,92518000,356194300,January-1962,January,,0.248328904672817,,22974893.602519684
Indonesia,IDN,1963,1.65,0.59,1.21,0.37,0.01,3.8299999999999996,95015000,363907449.99999994,January-1963,January,,0.2395736966189756,,22763094.784251966
Indonesia,IDN,1964,1.72,0.59,1.18,0.37,0.01,3.87,97597000,377700390,January-1964,January,,0.22925156557752074,,22374265.04566929
Indonesia,IDN,1965,1.72,0.58,1.15,0.36,0.01,3.8199999999999994,100267000,383019939.99999994,January-1965,January,,0.24602537429786875,,24668226.204724405
Indonesia,IDN,1966,1.67,0.57,1.12,0.35,0.01,3.7199999999999998,103025000,383253000,January-1966,January,,0.22688622245422432,,23374953.06834646
Indonesia,IDN,1967,1.66,0.58,0.99,0.36,0,3.5899999999999994,105866000,380058939.99999994,January-1967,January,,0.23180289834824622,,24540045.636535432
Indonesia,IDN,1968,1.6,0.53,1.27,0.28,0,3.6799999999999997,108780000,400310399.99999994,January-1968,January,,0.25337937037407005,,27562607.90929134
Indonesia,IDN,1969,1.69,0.53,1.09,0.32,0,3.6299999999999994,111759000,405685169.99999994,January-1969,January,,0.2985192646735226,,33362214.500648208
Indonesia,IDN,1970,1.8,0.52,1.11,0.35,0.01,3.7900000000000005,114793000,435065470.00000006,January-1970,January,,0.3117906780647479,,35791387.30708661
Indonesia,IDN,1971,1.73,0.61,1.27,0.33,0.01,3.9499999999999997,117880000,465625999.99999994,January-1971,January,,0.33046543677098345,,38955265.68656353
Indonesia,IDN,1972,1.75,0.66,1.33,0.36,0.01,4.11,121017000,497379870.00000006,January-1972,January,,0.3578529015149836,,43306284.58263877
Indonesia,IDN,1973,1.86,0.66,1.12,0.37,0.02,4.029999999999999,124200000,500525999.99999994,January-1973,January,,0.3953148094913626,,49098099.33882724
Indonesia,IDN,1974,1.98,0.7,1.14,0.35,0.02,4.189999999999999,127422000,533898179.9999998,January-1974,January,,0.40202250336826845,,51226511.424191505
Indonesia,IDN,1975,1.98,0.73,1.03,0.39,0.02,4.1499999999999995,130681000,542326149.9999999,January-1975,January,,0.4127038320069977,,53932549.47050646
Indonesia,IDN,1976,2.01,0.74,1.13,0.39,0.02,4.289999999999999,133967000,574718429.9999999,January-1976,January,,0.4612200950671594,,61788272.47586214
Indonesia,IDN,1977,1.93,0.76,1.1,0.4,0.02,4.21,137278000,577940380,January-1977,January,,0.6003616506710774,,82416446.68082416
Indonesia,IDN,1978,1.88,0.81,1.03,0.41,0.02,4.1499999999999995,140622000,583581299.9999999,January-1978,January,,0.6680191043977634,,93938182.49862228
Indonesia,IDN,1979,1.85,1,1.24,0.43,0.01,4.529999999999999,144010000,652365299.9999999,January-1979,January,,0.6606284406181909,,95137101.73342568
Indonesia,IDN,1980,1.8,1.22,1.21,0.37,0.02,4.62,147448000,681209760,January-1980,January,,0.6434336807695742,,94873009.36211218
Indonesia,IDN,1981,1.82,1.27,1.37,0.38,0.01,4.85,150938000,732049300,January-1981,January,,0.6644929005263801,,100297229.41965076
Indonesia,IDN,1982,1.83,1.32,1.41,0.39,0.01,4.96,154468000,766161280,January-1982,January,,0.6835343935006692,,105584190.69526137
Indonesia,IDN,1983,1.61,1.7,1.81,0.57,0.02,5.71,158008992,902231344.32,January-1983,January,,0.6656842101780975,,105184091.04055732
Indonesia,IDN,1984,1.68,1.76,2.11,0.49,0.01,6.05,161523008,977214198.4,January-1984,January,,0.6962508401801832,,112460530.02843046
Indonesia,IDN,1985,1.71,1.96,2.27,0.49,0.01,6.4399999999999995,164982000,1062484079.9999999,January-1985,January,,0.7370363900253805,,121597737.69916733
Indonesia,IDN,1986,1.68,2.07,2.49,0.56,0.01,6.8100000000000005,168374000,1146626940,January-1986,January,,0.7255662045669756,,122166484.12775995
Indonesia,IDN,1987,1.65,2.26,2.47,0.55,0.01,6.9399999999999995,171703008,1191618875.52,January-1987,January,,0.7214722093509045,,123878948.53395604
Indonesia,IDN,1988,1.63,2.35,2.68,0.56,0.01,7.23,174976000,1265076480,January-1988,January,,0.7585138970463886,,132721727.6495889
Indonesia,IDN,1989,1.69,2.52,2.82,0.54,0.01,7.579999999999999,178208992,1350824159.36,January-1989,January,,0.7388749056630727,,131674152.15231128
Indonesia,IDN,1990,1.72,2.85,3.06,0.51,0.01,8.15,181412992,1478515884.8,January-1990,January,4625.3772597013,0.8284185718158356,0.8324183925296499,150285891.7414776
Indonesia,IDN,1991,1.73,3.21,3.17,0.52,0.01,8.639999999999999,184592000,1594874879.9999998,January-1991,January,4859.92632306717,0.9784935058461799,0.9675247891628577,180622073.23115805
Indonesia,IDN,1992,1.88,3.5,3.17,0.54,0.01,9.1,187740000,1708434000,January-1992,January,5088.86885787168,1.0843580174906386,1.0429792915819713,203577374.2036925
Indonesia,IDN,1993,2.14,3.72,3.31,0.59,0.01,9.77,190851008,1864614348.1599998,January-1993,January,5331.06566273875,1.1514864368999702,1.1088964162466124,219762347.1806877
Indonesia,IDN,1994,2.05,4.31,3.46,0.52,0.01,10.35,193916992,2007040867.2,January-1994,January,5642.40286544823,1.1492247929410864,1.1213787855159236,222854214.9789583
Indonesia,IDN,1995,1.9,4.52,2.95,0.49,0.01,9.870000000000001,196934000,1943738580.0000002,January-1995,January,6012.81102693366,1.1503608698919812,1.1358783064081779,226545167.5513074
Indonesia,IDN,1996,2.1,4.82,3.04,0.5,0.01,10.47,199900992,2092963386.24,January-1996,January,6387.01385748148,1.275975787962388,1.2492546402500695,255068825.78166303
Indonesia,IDN,1997,2.16,4.5,3.17,0.54,0.01,10.38,202826000,2105333880.0000002,January-1997,January,6591.19909453828,1.3841238581001047,1.3450418012016134,280736305.64301187
Indonesia,IDN,1998,1.97,3.05,3.06,0.4,0.01,8.49,205724992,1746605182.0800002,January-1998,January,5645.57439683887,1.0497993591959125,0.9224796676402897,215969964.77218422
Indonesia,IDN,1999,1.86,3.04,2.67,0.38,0.01,7.96,208615008,1660575463.68,January-1999,January,5611.21741579876,1.1693879304485801,1.163417558163573,243951872.465634
Indonesia,IDN,2000,2.02,3.98,1.98,0.38,0.01,8.370000000000001,211514000,1770372180.0000002,January-2000,January,5805.808706435,1.2566702997312829,1.2416516282499102,265803361.77736256
Indonesia,IDN,2001,1.91,4.36,1.97,0.44,0.01,8.69,214427008,1863370699.52,January-2001,January,5934.13704964754,1.3875597816794312,1.3460846627435974,297530292.40665364
Indonesia,IDN,2002,1.81,5.13,2.16,0.59,0.01,9.7,217358000,2108372599.9999998,January-2002,January,6115.56787071506,1.414079412855409,1.3978857463762735,307361473.019426
Indonesia,IDN,2003,1.95,5.21,2.23,0.66,0.01,10.06,220308992,2216308459.52,January-2003,January,6319.67041666311,1.4373205987450464,1.4146820901182364,316654652.29035765
Indonesia,IDN,2004,2.28,5.49,2.19,0.56,0.01,10.53,223286000,2351201580,January-2004,January,6546.49432383401,1.5220297169737766,1.4833272469637833,339847927.3842067
Indonesia,IDN,2005,1.89,5.13,2.46,0.53,0.03,10.04,226288992,2271941479.68,January-2005,January,6824.60631146103,1.5172478203387667,1.4825543137558879,343336479.8786566
Indonesia,IDN,2006,2.08,5.66,2.6,0.62,0.03,10.989999999999998,229318000,2520204819.9999995,January-2006,January,7102.11454033631,1.5107549656616632,1.4729751983532104,346443307.21560127
Indonesia,IDN,2007,1.88,5.83,2.59,0.52,0.05,10.870000000000001,232374000,2525905380,January-2007,January,7450.60215836214,1.6218047395687387,1.5727121880890194,376865254.5525461
Indonesia,IDN,2008,2.09,5.92,2.73,0.49,0.02,11.25,235470000,2649037500,January-2008,January,7792.62993124944,1.773311928523028,1.7475502885626357,417561759.8093174
Indonesia,IDN,2009,2.23,6.04,2.73,0.54,0.01,11.549999999999999,238620992,2756072457.6,January-2009,January,8044.97033037879,1.873677781054765,1.8651577636570271,447098850.8036468
Indonesia,IDN,2010,2.43,6.51,2.89,0.48,0.01,12.32,241834000,2979394880,January-2010,January,8433.49735678452,1.7705298178215139,1.794038586272367,428174307.963048
Indonesia,IDN,2011,2.46,6.95,2.96,0.47,0.02,12.860000000000001,245116000,3152191760.0000005,January-2011,January,8837.82012171405,2.0727871993107843,2.076006744849228,508073307.14626217
Indonesia,IDN,2012,2.38,7.16,2.96,0.46,0.01,12.97,248452000,3222422440,January-2012,January,9251.17553694602,2.1186511170297577,2.177532540826048,526383107.32827735
Indonesia,IDN,2013,2.59,7.5,2.98,0.46,0.01,13.540000000000001,251804992,3409439591.6800003,January-2013,January,9643.2748298101,1.6329742721235267,1.769530379237281,411191073.5282705
Indonesia,IDN,2014,2.39,6.4,1.14,0.41,0.01,10.350000000000001,255128000,2640574800.0000005,January-2014,January,10003.0890293448,1.4378767828330763,1.6176565855252691,366842627.8506371
Indonesia,IDN,2015,2.27,6.62,1.25,0.41,0.01,10.56,258383008,2728524564.48,January-2015,January,10367.7019920006,1.9622501164994388,2.0617350745690985,507012087.54947543
Indonesia,IDN,2016,2.61,7.42,1.27,0.42,0.01,11.729999999999999,261556000,3068051879.9999995,January-2016,January,10766.3714478177,2.1436290244186242,2.219497014373873,560679033.1108377
Indonesia,IDN,2017,2.79,7.19,1.24,0.46,0.01,11.690000000000001,264651008,3093770283.5200005,January-2017,January,11188.7440161175,2.2069647972706776,2.2709712365543377,584075458.2182004
Iran,IRN,1961,3.98,1.89,0.05,7.65,0.66,14.23,22480000,319890400,January-1961,January,,1.6240550886267033,,36508758.39232829
Iran,IRN,1962,4.02,1.85,0.05,7.91,0.64,14.469999999999999,23071000,333837370,January-1962,January,,1.622314710829323,,37428422.69354331
Iran,IRN,1963,3.46,1.89,0.05,7.29,0.6,13.29,23680000,314707200,January-1963,January,,1.7442962398536557,,41304934.95973457
Iran,IRN,1964,3.44,1.91,0.05,7.07,0.57,13.04,24308000,316976320,January-1964,January,,1.9548740617715694,,47519078.69354331
Iran,IRN,1965,3.43,1.86,0.05,6.89,0.56,12.790000000000001,24955000,319174450,January-1965,January,,2.1526102256555966,,53718388.18123541
Iran,IRN,1966,3.34,1.81,0.05,6.85,0.54,12.59,25624000,322606160,January-1966,January,,2.501692228194239,,64103361.65524918
Iran,IRN,1967,3.37,2.45,0.05,6.85,0.53,13.249999999999998,26318000,348713499.99999994,January-1967,January,,2.5792592893818966,,67880945.97795275
Iran,IRN,1968,3.36,2.7,0.04,6.88,0.52,13.5,27033000,364945500,January-1968,January,,3.045520770944582,,82329563.00094488
Iran,IRN,1969,3.44,2.94,0.04,6.96,0.56,13.94,27765000,387044100,January-1969,January,,2.9907705609991626,,83038744.62614176
Iran,IRN,1970,3.68,3.21,0.05,6.96,0.54,14.440000000000001,28514000,411742160.00000006,January-1970,January,,3.219031192855119,,91787455.43307087
Iran,IRN,1971,3.92,3.5,0.05,6.58,0.52,14.57,29282000,426638740,January-1971,January,,3.4706587742866404,,101627830.2286614
Iran,IRN,1972,4.16,3.82,0.04,6.48,0.5,15,30075000,451125000,January-1972,January,,3.5250271943704923,,106015192.87069255
Iran,IRN,1973,4.13,3.81,0.04,6.47,0.49,14.94,30906000,461735640,January-1973,January,,4.189325986697789,,129475308.94488189
Iran,IRN,1974,4.39,3.91,0.05,6.56,0.47,15.38,31786000,488868680,January-1974,January,,4.523230501419185,,143775404.71811023
Iran,IRN,1975,4.68,4.19,0.06,7.01,0.46,16.400000000000002,32730000,536772000.00000006,January-1975,January,,4.253405786403189,,139213971.38897637
Iran,IRN,1976,5.48,4.58,0.08,6.99,0.45,17.580000000000002,33734000,593043720.0000001,January-1976,January,,4.6380240608267975,,156459103.6679312
Iran,IRN,1977,5.97,5.04,0.08,7.91,0.44,19.44,34803000,676570320,January-1977,January,,4.704535345848186,,163731943.64155442
Iran,IRN,1978,6.19,6,0.08,7.51,0.43,20.21,35961000,726771810,January-1978,January,,4.507770546074555,,162103936.60738707
Iran,IRN,1979,5.51,6.1,0.03,7.39,0.42,19.45,37237000,724259650,January-1979,January,,4.395447020351689,,163673260.69683585
Iran,IRN,1980,6.18,5.75,0,8.61,0.42,20.96,38650000,810104000,January-1980,January,,3.1193912074315113,,120564470.16722791
Iran,IRN,1981,5.56,7.05,0,8.82,0.41,21.84,40200000,877968000,January-1981,January,,2.799218069196838,,112528566.38171288
Iran,IRN,1982,5.53,6.2,0,9.65,0.4,21.78,41869000,911906820,January-1982,January,,3.2844102040408165,,137514970.83298495
Iran,IRN,1983,6.71,6.4,0,8.46,0.38,21.95,43637000,957832150,January-1983,January,,3.419424600760767,,149213431.3033976
Iran,IRN,1984,5.81,5.92,0,8.41,0.38,20.52,45473000,933105960,January-1984,January,,3.297400147856787,,149942676.9234917
Iran,IRN,1985,4.94,5.54,0,8.32,0.36,19.16,47347000,907168520,January-1985,January,,3.3781888957343438,,159947109.64633396
Iran,IRN,1986,5.6,6.35,0,7.9,0.35,20.200000000000003,49260000,995052000.0000001,January-1986,January,,2.9950475336628375,,147536041.50823137
Iran,IRN,1987,4.45,6.61,0,7.71,0.38,19.15,51194000,980365099.9999999,January-1987,January,,3.098162916222119,,158607352.33307517
Iran,IRN,1988,5.38,6.39,0,6.49,0.36,18.619999999999997,53077000,988293739.9999999,January-1988,January,,3.2991276160327887,,175107796.47617233
Iran,IRN,1989,5.08,7.08,0,6.66,0.39,19.21,54822000,1053130620,January-1989,January,,3.4675495536590892,,190098001.6306986
Iran,IRN,1990,6.13,6.92,0,6.25,0.41,19.71,56366000,1110973860,January-1990,January,11392.5636270212,3.712137520972322,3.1845387880413116,209238343.5071259
Iran,IRN,1991,5.08,7.49,0,7.12,0.47,20.16,57679000,1162808640,January-1991,January,12546.8602044536,3.917443547070433,3.3500661276498165,225954226.3514755
Iran,IRN,1992,4.9,9.59,0,7.05,0.56,22.099999999999998,58780000,1299037999.9999998,January-1992,January,12706.5017065135,3.8611268127838354,3.2952974704731552,226957034.05543384
Iran,IRN,1993,5.51,10.53,0,6.62,0.61,23.27,59724000,1389777480,January-1993,January,12679.6698601828,3.9444214370342188,3.300677130468574,235576625.9054317
Iran,IRN,1994,5.3,10.51,0,6.42,0.55,22.779999999999998,60591000,1380262979.9999998,January-1994,January,12334.5519368117,4.349167003443051,3.58001031118302,263520377.9056179
Iran,IRN,1995,5.11,10.74,0,6.33,0.51,22.69,61443000,1394141670,January-1995,January,12438.970099472,4.4129929369991,3.709395591908727,271147525.0280357
Iran,IRN,1996,6.28,10.93,0,6.68,0.33,24.22,62295000,1508784900,January-1996,January,12868.4555654735,4.398551049249964,3.871577235657641,274007737.61302656
Iran,IRN,1997,6.15,11.47,0,6.67,0.41,24.7,63136000,1559459200,January-1997,January,12698.0113695697,4.230538501889042,3.9174882112309857,267099278.85526654
Iran,IRN,1998,6.08,11.59,0,6.89,0.43,24.990000000000002,63972000,1598660280.0000002,January-1998,January,12732.9160537766,4.7834409033461345,4.361993011501602,306006281.4688589
Iran,IRN,1999,5.03,11.5,0,6.15,0.53,23.21,64801000,1504031210,January-1999,January,12612.4834520956,5.858351493637178,4.426882322278255,379627035.1391828
Iran,IRN,2000,4.32,12.59,0,6.61,0.35,23.87,65623000,1566421010,January-2000,January,13135.4720227502,5.62704347437576,4.303657799749891,369263473.91896045
Iran,IRN,2001,4.89,13.27,0,6.64,0.37,25.17,66449000,1672521330,January-2001,January,13047.4475639039,5.943375566108424,4.742629687238269,394931362.99233866
Iran,IRN,2002,4.43,13.94,0,6.64,0.4,25.409999999999997,67285000,1709711849.9999998,January-2002,January,13812.8312062165,5.912139772806531,4.901969206782049,397798324.6132874
Iran,IRN,2003,5.28,16.15,0,6.08,0.31,27.819999999999997,68123000,1895181859.9999998,January-2003,January,14838.3003209234,6.077146896052415,5.7941575785456045,413993477.9997787
Iran,IRN,2004,5.87,16.8,0,6.16,0.26,29.090000000000003,68951000,2005784590.0000002,January-2004,January,15308.4547866624,6.411649668676152,6.069250723939378,442089656.3048894
Iran,IRN,2005,5.48,17.58,0,6.27,0.25,29.58,69762000,2063559960,January-2005,January,15616.2546585476,6.644447165434432,6.298525273184709,463529923.15503687
Iran,IRN,2006,5.67,19.05,0,5.56,0.27,30.549999999999997,70555000,2155455250,January-2006,January,16211.4740638049,7.14039530138475,6.682531390592061,503790590.489201
Iran,IRN,2007,6.55,20.64,0,4.82,0.29,32.300000000000004,71336000,2304152800.0000005,January-2007,January,17338.1264807958,7.195718758999086,7.055559128195235,513313793.39195883
Iran,IRN,2008,4.78,21.73,0,4.15,0.3,30.960000000000004,72121000,2232866160.0000005,January-2008,January,17187.287626522,7.4168431713322684,7.0989405924173115,534910146.35965455
Iran,IRN,2009,4.93,27.34,0,3.41,0.34,36.019999999999996,72925000,2626758499.9999995,January-2009,January,17162.0533627336,7.499279690680663,6.9980939562905835,546884971.4428874
Iran,IRN,2010,6.17,25.23,0,3.19,0.26,34.849999999999994,73763000,2570640549.9999995,January-2010,January,17942.8328426143,7.646577670249168,7.3294122266885,564034508.6905894
Iran,IRN,2011,5.77,25.94,0,3.41,0.25,35.370000000000005,74635000,2639839950.0000005,January-2011,January,18192.1055960586,7.758290172753972,7.421449671068002,579039987.0434927
Iran,IRN,2012,4.45,24.7,0,3.64,0.24,33.03,75540000,2495086200,January-2012,January,16625.9192212313,7.95186602747814,7.534470903582685,600683959.7156987
Italy,ITA,2004,23.53,15.74,39.64,1.41,5.31,85.63,57948000,4962087240,January-2004,January,37434.1000868702,8.53507697253884,10.458284924932371,494590640.4046807
Italy,ITA,1962,16.48,6.2,8.38,0.87,2.18,34.11000000000001,50442000,1720576620.0000002,January-1962,January,,2.899468404725846,,146254985.2711811
Italy,ITA,2017,15.56,18.88,43.77,0.89,1.85,80.95,60674000,4911560300,January-2017,January,35220.0837894122,5.7519095255426045,7.711002543234582,348991358.552772
Italy,ITA,1995,25.48,18.41,32.88,1.62,5.66,84.05000000000001,57174000,4805474700.000001,January-1995,January,33152.0409902736,7.895778576706495,9.908963793181963,451433244.3446171
Italy,ITA,2005,23.61,15.41,38.69,1.45,5.39,84.55,58281000,4927658550,January-2005,January,37604.360624075,8.484034861299056,10.316977588689625,494458035.7513703
Italy,ITA,2016,16.77,18.63,38.25,0.96,2.07,76.67999999999999,60663000,4651638840,January-2016,January,34655.2627627333,5.827065379853594,7.674263913808204,353487267.1380586
Iran,IRN,2013,3.58,25.38,0,3.69,0.23,32.879999999999995,76482000,2514728159.9999995,January-2013,January,16383.2603498943,7.958866999637779,7.556645438397136,608710065.8662966
Italy,ITA,1963,18.73,7.18,8.15,0.85,2.26,37.17,50856000,1890317520,January-1963,January,,3.2357291058346185,,164556239.40632537
Italy,ITA,1968,23.58,10.74,11.43,0.95,2.47,49.17,52795000,2595930150,January-1968,January,,4.719616637306832,,249172160.36661416
Italy,ITA,2001,23.92,18.28,39.79,1.55,6.59,90.13000000000001,56875000,5126143750.000001,January-2001,January,37162.42333617,8.368628443288868,10.113953046987428,475965742.7120544
Italy,ITA,1970,25.84,11.75,12.88,1.12,2.88,54.470000000000006,53519000,2915179930.0000005,January-1970,January,,5.537557612380798,,296364545.8570079
Italy,ITA,1997,24.2,18.66,35.37,1.63,5.68,85.53999999999999,56904000,4867568160,January-1997,January,34167.0952615886,7.887590900245852,9.587031698746733,448835472.58759
Italy,ITA,2012,20.73,19.02,39.78,1.1,5.89,86.52,59879000,5180731080,January-2012,January,35227.6248251817,6.5570529304957565,8.518902126579324,392629772.4251554
Italy,ITA,2014,19.31,18.48,36.73,0.98,3.16,78.66,60410000,4751850600,January-2014,January,33945.8438783585,5.7696985316616844,7.688305305830525,348547488.29768234
Iran,IRN,2014,4.02,25.9,0,3.29,0.19,33.4,77466000,2587364400,January-2014,January,16924.2006778247,8.286427953465399,7.826282034383272,641916427.8431506
Iran,IRN,2017,5.22,27.52,0,3.08,0.16,35.98,80674000,2902650519.9999995,January-2017,January,19082.619603326,8.502673282553097,7.557549251062348,685944664.3966886
Italy,ITA,1985,26.02,18,27.9,1.51,5.07,78.5,56937000,4469554500,January-1985,January,,6.48054799858642,,368982961.395515
Iran,IRN,2016,4.61,27.16,0,2.79,0.16,34.72,79564000,2762462080,January-2016,January,18497.6743334441,8.20685795210782,7.274345499214896,652970446.1015066
Italy,ITA,1979,25.26,17.68,22.99,1.46,4.73,72.11999999999999,56178000,4051557359.9999995,January-1979,January,,6.857771610386205,,385255893.52827626
Italy,ITA,1996,25.45,18.66,35.84,1.65,5.86,87.46000000000001,57065000,4990904900,January-1996,January,33569.0629900554,7.783863512303674,9.379507081365643,444186171.32960916
Italy,ITA,2006,24.28,13.46,40.32,1.48,5.48,85.02000000000001,58543000,4977325860.000001,January-2006,January,38243.8063277255,8.352871409630433,10.5911867827212,489002150.9339945
Italy,ITA,2011,21.53,18.13,40.12,1.17,5.69,86.64,59589000,5162790960,January-2011,January,36347.3424784176,6.946655171228415,9.453357024669787,413944234.99833006
Italy,ITA,1975,23.31,15.64,18.3,1.08,3.91,62.239999999999995,55265000,3439693599.9999995,January-1975,January,,6.171222945427643,,341052636.0790587
Italy,ITA,1976,23.95,16.4,18.93,1.1,4.03,64.41,55538000,3577202580,January-1976,January,,6.586403694484452,,365795688.38427746
Italy,ITA,1977,24.19,16.6,19.83,1.34,4.33,66.29,55778000,3697523620.0000005,January-1977,January,,6.354080665458923,,354417911.3579678
Italy,ITA,1987,27.35,18.73,29.49,1.51,5.18,82.25999999999999,57008000,4689478079.999999,January-1987,January,,6.667471833705524,,380099234.2958845
Italy,ITA,1992,26.08,19.71,33.27,1.77,5.68,86.50999999999999,57145000,4943613949.999999,January-1992,January,31841.1091489015,7.6516089683421855,9.551946950515532,437251194.4959142
Italy,ITA,1993,26.66,19.47,34.34,1.72,5.66,87.85,57198000,5024844300,January-1993,January,31550.2719115402,7.5272791510284724,9.377394286888784,430545312.88052654
Italy,ITA,2000,24.93,18.94,37.45,1.54,5.8,88.66000000000001,56692000,5026312720.000001,January-2000,January,36535.8187670132,8.295592978966905,10.187159265010516,470293757.1635918
Italy,ITA,2009,23.59,17.35,39.69,1.33,5.68,87.63999999999999,59106000,5180049839.999999,January-2009,January,35710.4200015019,7.049626160450944,9.267093793271881,416675203.8396135
Italy,ITA,1978,24.19,17.31,22.11,1.39,4.55,69.55,55989000,3894034950,January-1978,January,,6.6311981676102905,,371274154.20633256
Italy,ITA,1980,26.22,18.13,24.85,1.43,4.88,75.50999999999999,56349000,4254912989.9999995,January-1980,January,,6.857857966473691,,386433438.55282605
Italy,ITA,1982,25.86,18.6,24.67,1.41,4.73,75.27,56645000,4263669150,January-1982,January,,6.476821000328709,,366879525.56361973
Italy,ITA,1989,27.07,19.38,30.95,1.69,5.29,84.38000000000001,57029000,4812107020.000001,January-1989,January,,7.097138466278259,,404742709.59338284
Italy,ITA,1961,14.85,5.37,7.88,0.82,2.07,30.99,50052000,1551111480,January-1961,January,,2.4849136218270007,,124374896.59968504
Italy,ITA,1967,23.81,10.38,10.34,0.9,2.37,47.8,52433000,2506297400,January-1967,January,,4.465312725979583,,234129742.1612875
Italy,ITA,1972,25.34,13.16,14.85,1.12,3.42,57.89,54259000,3141053510,January-1972,January,,6.049458059424796,,328237544.84633
Italy,ITA,1973,27.4,14.69,15.92,1.06,3.48,62.55,54619000,3416418450,January-1973,January,,6.4693466355473905,,353349243.88696295
Italy,ITA,1991,27.53,19.51,32.16,1.78,5.45,86.43,57088000,4934115840,January-1991,January,31599.1206761956,7.695918731852317,9.98766743206488,439344608.5639851
Italy,ITA,1964,18.25,8.46,9.6,0.84,2.23,39.38,51273000,2019130740.0000002,January-1964,January,,3.4271658860205636,,175721076.47393236
Italy,ITA,1984,26.07,18.28,28.31,1.44,4.84,78.94,56863000,4488765220,January-1984,January,,6.4119305395696875,,364601606.27155113
Italy,ITA,1988,26.93,19.19,30.11,1.57,5.43,83.22999999999999,57018000,4745608139.999999,January-1988,January,,6.769142507798014,,385962967.50962716
Italy,ITA,2013,18.6,18.61,40.28,0.92,5.63,84.04,60167000,5056434680,January-2013,January,34219.8327781897,6.05130927379268,7.94433953139916,364089125.07628417
Italy,ITA,2003,24.67,14.98,40.1,1.42,5.16,86.33,57565000,4969586450,January-2003,January,37090.4052236178,8.52515243243732,10.161204612823742,490750399.77325433
Italy,ITA,2008,22.91,17.04,38.94,1.36,5.73,85.98,58922000,5066113560,January-2008,January,37954.1606640052,7.933742695463079,10.284348384509585,467471987.1020755
Italy,ITA,2015,16.99,18.52,39.07,0.91,2.19,77.67999999999999,60578000,4705699040,January-2015,January,34302.0374026544,5.873165784482309,7.717878837877452,355784636.8923693
Italy,ITA,1965,18.34,10.04,9.59,0.8,2.27,41.04,51677000,2120824080,January-1965,January,,3.6675577034636255,,189528379.44188976
Italy,ITA,1983,26.96,18.67,26.62,1.6,4.82,78.66999999999999,56765000,4465702549.999999,January-1983,January,,6.3139189566995535,,358409609.57705015
Italy,ITA,1986,26.4,18.08,28.27,1.47,5.08,79.3,56984000,4518831200,January-1986,January,,6.3735121559891805,,363188216.69688743
Italy,ITA,2002,24.06,18.01,39.67,1.45,6.07,89.26000000000002,57183000,5104154580.000001,January-2002,January,37199.3523731905,8.350467025117608,10.239039779020016,477504755.8973002
Italy,ITA,1971,26.2,12.16,14.25,1.12,3.12,56.849999999999994,53889000,3063589649.9999995,January-1971,January,,5.7720353655812735,,311049213.81580925
Italy,ITA,1966,21.59,10.72,9.38,0.87,2.34,44.900000000000006,52063000,2337628700.0000005,January-1966,January,,4.110063964890508,,213982260.20409453
Italy,ITA,1969,24.57,10.98,11.27,1.04,2.68,50.53999999999999,53155000,2686453699.9999995,January-1969,January,,5.073106369952088,,269660969.0948032
Italy,ITA,1981,25.88,18.09,25.17,1.4,4.82,75.36000000000001,56505000,4258216800.000001,January-1981,January,,6.641900855851668,,375300607.8598985
Italy,ITA,1990,27.18,19.61,31.86,1.77,5.13,85.55,57048000,4880456400,January-1990,January,31141.9028555525,7.706487616905137,9.714544055868902,439639705.5692043
Italy,ITA,1994,26.99,19.01,34.02,1.74,5.66,87.42,57214000,5001647880,January-1994,January,32222.360688622,7.424941724081925,9.361552330369712,424810615.8016232
Italy,ITA,1998,24.55,18.54,38.06,1.58,5.61,88.34,56743000,5012676620,January-1998,January,34709.2728108162,8.105100354340776,9.82742826091437,459907709.4063586
Italy,ITA,1999,25.72,18.41,37.05,1.58,5.72,88.47999999999999,56656000,5012922879.999999,January-1999,January,35244.7565357214,8.19490836800965,9.968164059232944,464290728.49795467
Italy,ITA,2007,24.05,15.81,40.94,1.4,5.53,87.73,58748000,5153962040,January-2007,January,38612.0116543642,8.154804937338213,10.408287809986836,479078480.4587453
Iran,IRN,2015,4.4,25.49,0,2.58,0.15,32.62,78492000,2560409040,January-2015,January,16500.9005123884,8.164032378253792,7.5455980068038855,640811229.4338967
Italy,ITA,1974,25.3,15.16,17.38,0.92,3.62,62.38,54958000,3428280040,January-1974,January,,6.518670333064656,,358253084.16456735
Italy,ITA,2010,23.13,17.56,41.87,1.23,5.68,89.47,59325000,5307807750,January-2010,January,36201.1615672134,7.186699846658505,9.601275395191504,426350968.4030158
