Entity,Year,Total_population,Total_Meat_Consumption,Total_water_use,Total_land_use,Total_CO2_emission
Argentina,1961,20817000,2123958510,1408098.94,15045.6880709507,51126710.217322834
Argentina,1962,21153000,2179605120,1437861.8800000001,15375.845497565719,53640125.069606304
Argentina,1963,21489000,2209498980,1438320.81,15315.25269247134,50032660.01259843
Argentina,1964,21824000,1812919679.9999998,1115435.6099999999,11868.370962653958,55670041.27569675
Argentina,1965,22160000,1987530400,1170954.9,12310.40364077246,58804849.5584252
Argentina,1966,22494000,2236128540,1322477.71,13921.3001397208,63072666.6607874
Argentina,1967,22829000,2329471159.9999995,1366335.9999999998,14444.009840030958,65475981.61146252
Argentina,1968,23168000,2462295040,1436678.81,15337.93873105234,69009217.36566931
Argentina,1969,23518000,2639660320,1520450.8599999999,16086.29395209324,77248869.89984252
Argentina,1970,23881000,2513475249.9999995,1398757.44,14669.365584712099,82648001.24094488
Argentina,1971,24260000,2155015800,1112298.24,11574.14414202982,88844309.63905512
Argentina,1972,24653000,2039789220.0000002,1056994.62,10917.67129243944,90061084.51401575
Argentina,1973,25056000,2183630400,1119752.8,11464.7649003279,93967978.28661418
Argentina,1974,25462000,2493493660,1254443.42,12763.59418413234,95469386.24125986
Argentina,1975,25866000,2816290080,1425483.6600000001,14594.68077900192,94831553.08220473
Argentina,1976,26265000,2889150000,1458057.0799999998,14990.48369158164,99665693.82467994
Argentina,1977,26661000,2910048150,1451635.21,14967.46986386344,100650886.44367908
Argentina,1978,27061000,3027314070.0000005,1499108.4000000001,15504.922242873743,102476823.18764937
Argentina,1979,27471000,3000932040,1430731.42,14656.07207401684,110510912.9550186
Argentina,1980,27897000,3088755840.0000005,1449397.24,14799.633467774001,108519999.38377903
Argentina,1981,28339000,3108788300,1440386.87,14735.3645170653,101819689.01708095
Argentina,1982,28795000,2719687750,1208835.83,12275.75855522104,103206562.19853598
Argentina,1983,29262000,2660208420,1159219.95,11780.908125664158,104978862.2787181
Argentina,1984,29737000,2859509919.9999995,1240838.6199999999,12665.284070058438,106282985.29672104
Argentina,1985,30216000,3163917360,1381791.32,14156.98977656358,100366200.59540637
Argentina,1986,30699000,2944955070,1234812.9100000001,12547.929586939681,103933940.32632872
Argentina,1987,31184000,3029213760,1236319.3599999999,12478.25136504596,114611063.76916163
Argentina,1988,31669000,2831208600.0000005,1152724.6500000001,11684.06649454906,121129113.86196585
Argentina,1989,32148000,2750261400,1116773.7900000003,11399.35769199424,116802018.41703896
Argentina,1990,32619000,2731841249.9999995,1087009.96,11111.78382888646,111890017.84014715
Argentina,1991,33079000,2878865370,1122706.14,11439.909258531938,116845003.30733094
Argentina,1992,33529000,3029680440,1123858.81,11215.59006835982,121016713.5697368
Argentina,1993,33970000,3348422900.0000005,1160016.95,11237.434764279802,117564655.51640525
Argentina,1994,34403000,3342939510,1120651.96,10821.115447762502,122010049.66922748
Argentina,1995,34828000,3165168640.0000005,1029940.94,9876.072920081879,127598452.59341958
Argentina,1996,35246000,3093893880.0000005,996331.1,9527.07902911752,134643656.80275014
Argentina,1997,35657000,3180960970,1019455.97,9707.07485199284,137558052.23325124
Argentina,1998,36063000,3362874750,1038402.9299999999,9707.76918362244,139354451.28402272
Argentina,1999,36467000,3641959290,1113405.82,10480.165337724458,146510299.55889294
Argentina,2000,36871000,3641379959.9999995,1096707.1,10330.66152077184,141716804.32741582
Argentina,2001,37276000,3510653680.0000005,1049677.9100000001,9878.625154388901,133310609.82178403
Argentina,2002,37682000,3002124940,938851.0099999999,9112.8668837856,124382206.82404618
Argentina,2003,38088000,3178443599.9999995,983040.0100000001,9552.27907344492,134620660.1240804
Argentina,2004,38492000,3358811920,1015357.9200000002,9846.46451598624,157033649.25607133
Argentina,2005,38893000,3492202470.0000005,1022513.38,9841.944376238342,161424779.4150726
Argentina,2006,39290000,3685009100.0000005,1035895.5000000001,9775.405695768182,174617505.9464222
Argentina,2007,39684000,3767598960,1037768.61,9742.531678513662,174232910.80852073
Argentina,2008,40080000,3900585599.9999995,1043957.75,9636.4579205043,188041184.27483258
Argentina,2009,40483000,4034130950,1053207.56,9642.49918520442,178867384.26411435
Argentina,2010,40896000,4117818240,1058430.46,9632.7689511781,186671795.51345953
Argentina,2011,41320000,4352648800,1082279.3399999999,9676.60797146524,190236885.98482662
Argentina,2012,41755000,4437303850,1090263.8599999999,9718.61046844694,191715192.24966487
Argentina,2013,42196000,4525521000,1099032.8599999999,9753.964942932258,192275373.4726505
Argentina,2014,42638000,4411753860,1065743.38,9489.23319224434,194431154.12730375
Argentina,2015,43075000,4692590499.999999,1091720,9555.39162948452,199859275.04053807
Argentina,2016,43508000,4706695440,1082981.9100000001,9456.685179939337,200038831.8958391
Argentina,2017,43937000,4805829060,1092852.64,9513.420461511481,199552005.97137457
Australia,1961,10446000,1096307700,1122694.23,15425.688219398839,90503896.0448173
Australia,1962,10643000,1196486060,1244162.24,16537.91194257416,94823455.35370077
Australia,1963,10845000,1220713200,1257394.03,16503.97239838802,100934264.45606302
Australia,1964,11065000,1259639599.9999998,1290494.2500000002,16691.64641931358,108875766.55151477
Australia,1965,11313000,1245561300,1235223.2799999998,15855.46601957904,120852668.87685038
Australia,1966,11593000,1227003120,1172595.25,15087.632205562819,120219302.0472441
Australia,1967,11900000,1207017000,1096544.58,14154.67483662366,129144211.72913387
Australia,1968,12216000,1274373120,1130000.72,14470.872041018321,134496899.7064567
Australia,1969,12519000,1363694670,1173799.45,15071.940563491,142123802.4793701
Australia,1970,12793000,1343137070,1121135.8199999998,14218.8895393845,147479768.60241026
Australia,1971,13033000,1457480390,1181505.48,15115.002351749417,152629536.1507849
Australia,1972,13244000,1540012320,1225332.36,15726.10120410904,157335544.7480138
Australia,1973,13432000,1487593999.9999998,1180701.8699999999,14330.467423203921,170827394.46845758
Australia,1974,13606000,1289304559.9999998,983949.8499999999,11308.21622392562,172189386.18930855
Australia,1975,13773000,1723415490.0000002,1457457.5199999998,16716.92394004774,175713926.1302309
Australia,1976,13936000,1808335359.9999998,1546863.54,17397.623527211043,174074696.7847255
Australia,1977,14093000,1774872419.9999998,1511290.13,16435.290032193217,187604866.2885975
Australia,1978,14249000,1853937389.9999998,1552204.4999999998,16695.37847766458,201820178.65504166
Australia,1979,14413000,1635443110,1275563.8399999999,13811.1724504601,204869575.01575667
Australia,1980,14588000,1614308080,1163599.27,12624.22886080006,220531000.62304285
Australia,1981,14777000,1618968120.0000002,1153053.25,12549.616131446423,230132643.20408207
Australia,1982,14979000,1687084770.0000002,1212235.74,13176.96434561542,233888646.43868905
Australia,1983,15195000,1630727400,1107473.75,12051.356619935941,224785013.67189035
Australia,1984,15423000,1653191370,1106715.47,12184.381957779919,236361192.43756285
Australia,1985,15664000,1757187520,1134849.9,12510.10986432808,240987972.38054907
Australia,1986,15918000,1782656820,1112795.5699999998,12260.994373541562,239722218.55434504
Australia,1987,16183000,1814276130,1106633.72,11985.703625366781,255850223.6565315
Australia,1988,16452000,1817287920,1076308,11689.280733512842,260878795.5129938
Australia,1989,16714000,1869795180,1101463.13,11827.116048801121,277485607.83106184
Australia,1990,16961000,1954755250.0000002,1130249.52,12217.491086086822,278424375.7263545
Australia,1991,17189000,1927230680,1086545.23,11661.96164050038,279872363.89133304
Australia,1992,17402000,1951460280.0000002,1073191.76,11336.709139384478,284912124.3300097
Australia,1993,17603000,1950588430,1050182.32,11084.4151922137,289234856.4830381
Australia,1994,17799000,1987970310.0000002,1050050.4500000002,10937.7733068616,294014610.3943743
Australia,1995,17993000,1957098610,1018429.91,10461.288712691761,305409799.3005526
Australia,1996,18189000,1957682070,1018677.51,10324.67705491428,312361209.99488324
Australia,1997,18387000,1946999430,959539.43,9538.93452617988,320794696.4042646
Australia,1998,18587000,2057766770.0000002,1007242.3,9947.630330963582,334684106.5350411
Australia,1999,18788000,2073631559.9999998,1034860.41,10255.105063209481,344063336.2069996
Australia,2000,18991000,2109140460,1011430.73,10107.569204088024,350194581.77769256
Australia,2001,19195000,2110682199.9999998,1025440.46,10099.001830681638,357668742.7903141
Australia,2002,19401000,2148078720.0000005,989137.65,9486.17955561174,362209093.8293246
Australia,2003,19624000,2313277120,1093282.75,10407.441745684779,369725552.79094714
Australia,2004,19880000,2141871200.0000002,952768.21,8902.71815218926,383204650.9156816
Australia,2005,20179000,2366593120,1056231.67,9817.966144738022,386514916.6621422
Australia,2006,20526000,2294806800,957747.93,8825.54871831646,392681873.1749819
Australia,2007,20916000,2553843600.0000005,1095843.62,10232.670317772401,400415409.4168811
Australia,2008,21332000,2397290160,986533.64,8994.50761400952,405048537.17718977
Australia,2009,21751000,2442202279.9999995,988445.03,8923.14635382606,408344934.97717726
Australia,2010,22155000,2480252250,969873.9600000001,8487.609524371861,406425942.0529946
Australia,2011,22538000,2729577180,1051123.75,9018.020438059,404263695.0769924
Australia,2012,22904000,2687326320,975445.9,8218.6499618955,406986984.92399657
Australia,2013,23255000,2702696100,952462.03,7956.07892444362,398051591.1052361
Australia,2014,23596000,2819014120,984860.8400000001,8234.287655892142,393288531.7984215
Australia,2015,23932000,2949619000,1022928.4100000001,8541.445969091601,402537564.8732415
Australia,2016,24263000,2985319520,1022775.7100000001,8562.269443024981,413157391.66787475
Australia,2017,24585000,2989536000,999854.1200000001,8324.06127519356,417041277.9107658
Brazil,1961,74311000,2043552500,325602.88999999996,3072.6240015448598,49144502.68488329
Brazil,1962,76514000,2102604720,320296.12,2990.2429828428403,53631449.42535901
Brazil,1963,78773000,2135536029.9999998,314599.41,2937.711955493,55550938.28661418
Brazil,1964,81065000,2214695799.9999995,319197.42999999993,2995.4121939077404,56666676.80146641
Brazil,1965,83374000,2300288659.9999995,317623.77999999997,2960.52480717254,56329615.57195828
Brazil,1966,85697000,2365237200,311547.20999999996,2857.3454273665,64211635.31679413
Brazil,1967,88036000,2469409799.9999995,317874.02,2918.9865040447394,66079408.29805039
Brazil,1968,90387000,2671839720,336752.26999999996,3097.9463041173804,77271377.26011366
Brazil,1969,92747000,2800959400.0000005,345688.57,3186.1773507994208,84132709.40917207
Brazil,1970,95113000,2897141980,343012.36,3126.31622432408,93530488.40356772
Brazil,1971,97483000,2855277070,325411.47,2934.41314759496,102357941.16196306
Brazil,1972,99859000,3101620540,353832.89,3238.9585045621807,114014328.1488623
Brazil,1973,102259000,3271265410,368027.34,3408.0789995134996,132019609.86764611
Brazil,1974,104706000,3278344860,355728.58,3269.2269672749003,142927313.7246568
Brazil,1975,107216000,3423406879.9999995,364938.70999999996,3365.09063655696,150513658.443956
Brazil,1976,109791000,3643963289.9999995,379820.25999999995,3510.0022062489397,154398074.8392004
Brazil,1977,112425000,3799965000.0000005,381907.02,3486.9755835708,162078338.52319685
Brazil,1978,115121000,4230696750,415454.89,3790.8595765170403,175931496.3826881
Brazil,1979,117878000,4600778339.999999,429196.2,3861.7368934831,187155078.35460144
Brazil,1980,120694000,4948454000,441367.01,3911.8956642234207,185758353.6808875
Brazil,1981,123570000,4972456800,434502.43000000005,3856.9173331810603,170467910.31719118
Brazil,1982,126498000,4899267540.000001,414228.35,3673.0629666310806,170789345.333422
Brazil,1983,129449000,5027799160,419221.18999999994,3743.9469672163,165426937.05615234
Brazil,1984,132384000,4865112000,416201.15,3843.4484108547604,167605588.93267113
Brazil,1985,135274000,5107946240,421421.17999999993,3866.72989556824,179936779.83588192
Brazil,1986,138108992,6068509108.48,499202.65,4643.9295445509,197226217.0890033
Brazil,1987,140892000,6259831560,483458.53,4363.29236943328,205788741.59484202
Brazil,1988,143628000,6437406960.000001,480261.2,4297.334286896599,207562967.55195537
Brazil,1989,146328000,7127636880.000001,534081.8699999999,4854.847372844761,212113643.6589517
Brazil,1990,149003008,7360748595.2,533438.75,4815.387123601781,206921120.00000003
Brazil,1991,151648000,7982750720,558632.27,4980.58632490978,217227701.04211462
Brazil,1992,154259008,8280623549.44,562749.84,4981.925650192241,218383306.0858007
Brazil,1993,156848992,8673749257.6,568166.49,4944.161619684899,228333215.99999997
Brazil,1994,159432992,9655261995.519999,620170.85,5372.4017117454605,239470529.62846977
Brazil,1995,162020000,11182620400,701207.8800000001,6058.2566145206,255583575.8602189
Brazil,1996,164615008,11564204312,733856.16,6420.938614283901,281194784.00000006
Brazil,1997,167208992,12027342794.560001,716102.7400000001,6064.583218331782,296585487.6124011
Brazil,1998,169784992,12261872122.24,698386.68,5764.241451901122,308305486.29151845
Brazil,1999,172319008,13170341781.44,736917.48,6085.7568070643,316282440
Brazil,2000,174790000,13804914199.999998,753952.2899999999,6178.535386271819,324226040
Brazil,2001,177196000,13534230480.000002,734583.1100000001,6057.559587351381,332987400
Brazil,2002,179538000,14127845220,750790.0700000001,6171.3780590836395,327434832.00000006
Brazil,2003,181808992,14484722392.64,738792.29,5927.7995716757205,317508254.78630877
Brazil,2004,184006000,14943127259.999998,746156.13,5958.75862597472,333675144
Brazil,2005,186127008,13870184636.16,742730.28,6327.060766363,342086472
Brazil,2006,188167008,14658209923.2,763804.9800000001,6427.71294428712,341946368
Brazil,2007,190130000,15313070199.999998,781545.41,6536.952049996259,356918752
Brazil,2008,192030000,16551065699.999996,809227.47,6614.837984848159,380344683.42599833
Brazil,2009,193887008,16523050821.76,809895.09,6672.5146802381005,360090776
Brazil,2010,195714000,17508574440,838721.6900000001,6839.34138664498,411240192
Brazil,2011,197515008,18364945443.84,858515.7600000001,6924.509879396121,429959368.00000006
Brazil,2012,199287008,18639313858.24,863844.43,6969.596935540441,460097999.99999994
Brazil,2013,201036000,19617092880,880545.6100000001,6988.807468956261,495046768
Brazil,2014,202764000,19514007360,867568.53,6902.55450472258,523894100.0467366
Brazil,2015,204472000,20013719360,866442.28,6779.350923450561,495213643.50635064
Brazil,2016,206163008,20051414158.079994,854030.3200000001,6631.75542906964,454194676.6748778
Brazil,2017,207834000,20750146560,865849.5,6659.319304683719,463839619.6870117
Canada,1961,18234000,1433739420.0000002,796207.67,6674.0442574578,194000693.616378
Canada,1962,18597000,1459120620,798454.8099999999,6718.337646799179,206990771.19622052
Canada,1963,18943000,1536277300,824830,6955.0265198140805,210910775.7417323
Canada,1964,19284000,1647432120.0000002,873022.2899999999,7349.346521835119,237577733.27622047
Canada,1965,19628000,1688008000,897963.2,7688.555127674201,251916994.90141734
Canada,1966,19976000,1738311520.0000002,895326.38,7631.20882356352,259074370.78803155
Canada,1967,20325000,1862379750,923367.5700000001,7721.731467591481,281637036.1171654
Canada,1968,20675000,1891762500,929172.83,7849.194495831701,303261339.7216405
Canada,1969,21025000,1920002999.9999998,918663.26,7728.744234699481,307119205.20818895
Canada,1970,21374000,2021766660,923995.06,7531.214543590379,341177214.4125985
Canada,1971,21723000,2097138419.9999998,951142.59,7726.02394024314,352285082.16390556
Canada,1972,22072000,2118691280.0000002,949205.5900000001,7802.667002207161,380786577.70506835
Canada,1973,22415000,2106337550,934744.81,7710.73502076828,381264652.6246383
Canada,1974,22746000,2177929500,958314.98,7874.2294352525805,389605206.59403825
Canada,1975,23059000,2204440400,1012539.79,8746.34084331062,396772730.28764915
Canada,1976,23355000,2348578800,1066157.46,9204.280378820642,398945968.56700325
Canada,1977,23634000,2321095140,1028122.0700000001,8770.13966808084,407771404.8178153
Canada,1978,23902000,2302479660,982876.75,8214.309202619801,415505367.89144474
Canada,1979,24161000,2299643980,915899.6,7278.9337305114805,441646887.99469805
Canada,1980,24417000,2387494260,930063.9600000001,7257.68853160148,442817249.5659553
Canada,1981,24668000,2406610080,940354.8300000001,7432.3020696809,429598228.5721012
Canada,1982,24917000,2370105040,922856.23,7364.871908913141,414426396.5511555
Canada,1983,25171000,2407857860.0000005,924536.04,7344.581040549199,408309645.5421663
Canada,1984,25445000,2396155650,897615.63,7066.889948157721,425199319.8847162
Canada,1985,25745000,2483105249.9999995,911359.85,7112.865921500001,421675565.33903813
Canada,1986,26076000,2502513720,909414.44,7150.92934286382,404660085.8437536
Canada,1987,26433000,2505848400.0000005,879541.51,6798.342981396981,430921681.02060515
Canada,1988,26806000,2579005260,888302.1700000002,6825.074253066121,455607982.1164737
Canada,1989,27179000,2551292730,868185.87,6695.319831982361,462817669.09717476
Canada,1990,27541000,2532670360,843623.7200000001,6488.459939403399,462502179.46332586
Canada,1991,27889000,2537899000,830793.97,6367.56290363162,452534619.11123574
Canada,1992,28224000,2616647040,832165.4299999999,6241.06158834428,466707557.25137395
Canada,1993,28548000,2609572680.0000005,808084.04,5988.127190491141,466577680.597953
Canada,1994,28861000,2740063340,831941.11,6114.17936031494,481647064.9518819
Canada,1995,29164000,2733541720,827189.5,6124.052760105981,494241052.47684246
Canada,1996,29458000,2705717300.0000005,813442.3700000001,6068.25522104932,509693638.2220821
Canada,1997,29742000,2761247280,819570.75,6106.6890250981405,524433394.14176434
Canada,1998,30022000,2943657100.0000005,853088.24,6240.873353696062,533101024.69500804
Canada,1999,30303000,3092421150,881593.85,6394.91934185404,548939005.965273
Canada,2000,30588000,3097952640.0000005,869677.5700000001,6311.5723224707,571507345.7445841
Canada,2001,30880000,3127526400,856612.38,6127.0714131902805,564230929.0236931
Canada,2002,31178000,3141183500.0000005,853292.36,6121.24711874602,570551849.0270021
Canada,2003,31488000,3123294720,862424.5100000001,6397.807601479682,587492139.5680388
Canada,2004,31815000,3172273650,851602.11,6188.75807306684,586468797.0217743
Canada,2005,32164000,3068123959.9999995,818446.38,6026.25439527922,576858582.5646068
Canada,2006,32537000,3107934240.0000005,818061.65,6021.05325363318,570811279.8168864
Canada,2007,32931000,3253253489.9999995,841435.85,6136.53858375448,594732073.5693289
Canada,2008,33338000,3212116300,812075.6599999999,5865.378402337541,575453992.6921635
Canada,2009,33746000,3182247800,797066.96,5777.02733629132,543067901.2697107
Canada,2010,34148000,3142640439.9999995,773371.71,5583.618303565239,556420246.221338
Canada,2011,34539000,3173788710,767588.2999999999,5510.51482432346,566674475.732014
Canada,2012,34922000,3229237340.0000005,782400.99,5677.4426569038,570157633.9079859
Canada,2013,35297000,3203555720,770031.14,5631.75347448896,577346377.8374063
Canada,2014,35664000,3186578400,744117.27,5340.529564453721,577359551.8307368
Canada,2015,36027000,3284941860.0000005,744233.63,5202.79012268982,576756850.0388399
Canada,2016,36383000,3049986890,638398.87,4138.392873792759,564068415.5524377
Canada,2017,36732000,3034430520.0000005,603377.3,3686.7343087935005,571138877.4021367
China,1961,670953024,2234273569.92,18982.82,71.37103086933999,550958537.3429922
China,1962,682102976,2707948814.72,23064.69,82.75029734008001,439342105.3429922
China,1963,694339008,4318788629.76,36964.76,118.15489332092001,435517638.62975645
China,1964,708254976,5531471362.56,46499.060000000005,140.04723510466002,435703766.94214803
China,1965,724219008,6271736609.280002,51799.64,155.6326546614,474680624.8466142
China,1966,742414976,6793097030.400001,54879.149999999994,169.31159119595998,521458880.7323603
China,1967,762580992,7214016184.320001,56702.17,172.5641954157,432223556.8932284
China,1968,784075008,7142923322.880001,54623,168.84568069698,467805642.96062994
China,1969,805985984,7012078060.799999,52134.659999999996,164.37319220711998,575944671.2289764
China,1970,827601024,6951848601.6,50260.619999999995,159.6624773402,770167190.3294488
China,1971,848760000,7918930800,56040.240000000005,176.10624053134,874016310.7719039
China,1972,869486016,8738334460.800003,60391.600000000006,188.66103300406002,928893995.4000069
China,1973,889484992,8814796270.72,59823.939999999995,193.69486516174,965646559.1167083
China,1974,908464000,8930201120.000002,59278.380000000005,192.68956680022,985085216.0241472
China,1975,926241024,9197573368.320002,60026.950000000004,198.77282722832,1142101905.7686138
China,1976,942684992,9144044422.400002,58312.53,189.2630782443,1190964597.6965156
China,1977,957891008,9214911496.960001,57794.72,189.99861286548,1304402788.2230825
China,1978,972204992,10033155517.44,61947.55,199.10299792206,1455257505.795547
China,1979,986131968,12139284526.080002,74399.48,235.55264127278002,1487113010.1473608
China,1980,1000089024,13611211616.640001,82369.27,262.75200686876,1458886737.9250479
China,1981,1014022016,14226728884.480001,84906.47,270.6664995512,1442782384.8654478
China,1982,1027948992,15151968142.08,89170.3,286.77109441624003,1570468324.5640593
China,1983,1042430976,15699010498.56,91244,296.3169891788,1655810482.5394938
China,1984,1058172032,17110641757.440002,98257.87,319.4197732928,1802317095.6059885
China,1985,1075588992,19360601855.999996,109339.06,343.34953152148,1951773227.7626874
China,1986,1095014016,20454861818.88,113930.12000000001,368.1821032842,2052242128.1462235
China,1987,1116094976,22321899520,123030.22,421.05555111032004,2191053006.2794056
China,1988,1137724032,24734120455.680004,133373.23,457.61785681618,2347763494.150301
China,1989,1158356992,26097783029.760002,139177.63,499.41935884504005,2386885124.972623
China,1990,1176883968,27903918881.280003,146844.87,534.22245227288,2420302108.0000005
China,1991,1192897024,30323442350.08,157518.56,585.87169095692,2538923968.4350004
China,1992,1206711040,33256956262.399998,172095.69,669.4754060459,2657112405.588
China,1993,1218817024,36137924761.600006,185870.18,746.76935727606,2835795473.4700007
China,1994,1230019968,39385239375.36,200868.58999999997,814.25769402994,3010242208.3250003
China,1995,1240920960,42600816556.799995,215848.93,923.56998771344,3265056964
China,1996,1251635968,43269055413.76001,220180.77000000002,977.5498492640802,3408346590.688
China,1997,1261996032,46794812866.560005,240057.22,1132.06742147452,3414549286.38
China,1998,1271981952,50764799704.31999,258771.96000000002,1233.07080273378,3265902620.51
China,1999,1281515008,53067536481.28,268487.81,1296.0898655264402,3258134886.54
China,2000,1290551040,56797151270.399994,286174.4,1385.0101891869401,3349294776.0000005
China,2001,1299129984,56849928099.840004,285010.08,1392.3222006606402,3426144061.9352
China,2002,1307352064,58307902054.4,290461.74,1428.2050901490002,3782439297.438
China,2003,1315303936,61332622535.68,303494.19999999995,1499.26962284454,4452310296.2369
China,2004,1323085056,61840995517.44,305385.37,1542.29996315454,5125894416.45
China,2005,1330776064,64476100300.8,314594.13,1578.83370311512,5771168440.000002
China,2006,1338408960,66866911641.6,323314.77,1610.7116518059402,6377748015.999999
China,2007,1345993984,69237930536.95999,333392.24,1686.10855595772,6861750652.000001
China,2008,1353569024,72700192279.04001,345675.51,1699.82988987548,7375189907.000002
China,2009,1361169024,75395152239.36,356783.78,1754.3250981303004,7758811768.000001
China,2010,1368811008,77816905804.79999,366546.94,1806.1555195683002,8500542695.000003
China,2011,1376498048,78253914028.8,365159.55,1786.05665038308,9388199234
China,2012,1384205952,82526358858.24,381718.03,1839.2927985959802,9633899303
China,2013,1391883008,84988376468.48,393561.83,1925.88390243418,9796527160
China,2014,1399453952,85128783900.16,392258.33999999997,1898.4327279096601,9820360492.28375
China,2015,1406848000,85381605120,393972.98000000004,1936.78182271286,9716467840.234137
China,2016,1414049024,86030742620.15999,395566.16,1981.8714093913998,9704479431.780571
China,2017,1421021952,86099720071.68001,395529.89,2012.7324479611602,9838754028.261343
France,1961,46267000,3561170989.9999995,663221.13,5481.81025209584,281373337.5150171
France,1962,46907000,3669534610,670945.77,5507.27501537024,298866540.2809449
France,1963,47561000,3735440940.0000005,668889.51,5463.35832290878,334226416.5770079
France,1964,48184000,3832073519.9999995,671200.5700000001,5453.93810678084,345538081.18843365
France,1965,48747000,3958256400,677593.5,5457.481159794761,352111604.21543306
France,1966,49233000,3909100200.0000005,681712.88,5648.95283548024,347604774.29543304
France,1967,49651000,4049535559.9999995,695335.22,5731.6965453679595,372475302.05732286
France,1968,50025000,4171584749.9999995,709373.43,5826.953726510441,385101038.97826767
France,1969,50387000,4304057540,719205.24,5909.3201154996,413759468.2179527
France,1970,50764000,4392101280,721825.4099999999,5882.7171488269005,439625057.77355254
France,1971,51163000,4500809110.000001,728371.4,5891.7294680574205,463131419.1450694
France,1972,51573000,4573493640,720419.88,5756.735714802481,481587950.3834507
France,1973,51980000,4645452600,720531.06,5739.891616884341,517542304.08152044
France,1974,52357000,4721030690,732093.24,5842.44520622362,499968363.0065447
France,1975,52689000,4823677950,747526.95,5989.34318644224,447748158.4233472
France,1976,52969000,4958428090.000001,765926.16,6144.3436084321,506614687.1810184
France,1977,53209000,5045277380,778552.8400000001,6238.916247302961,481907905.6129647
France,1978,53423000,5182031000.000001,794811.92,6299.46371340024,506740673.89640826
France,1979,53637000,5371209180,825841.24,6583.12492366876,530280737.3997275
France,1980,53868000,5433665159.999999,831228.64,6610.667313104982,506084432.4285724
France,1981,54121000,5323882770,808461.53,6474.621105999001,455490898.0507845
France,1982,54391000,5311825060.000001,804303.1100000001,6395.04503071614,437888098.480753
France,1983,54675000,5295273750,801211.07,6411.84074913504,423827643.75174886
France,1984,54965000,5368431550,812944.3900000001,6531.27023142664,407176696.5523299
France,1985,55255000,5402281350,809519.51,6456.11542102672,402321289.72218615
France,1986,55545000,5312879250,813700.8899999999,6498.30801303996,387274252.75995713
France,1987,55838000,5484966739.999999,822671.4400000001,6526.231653073141,379536183.7088179
France,1988,56126000,5483510200.000001,806363.25,6302.624478828419,374480473.08731335
France,1989,56404000,5542257040,808895.3,6310.867292084199,392741935.2774832
France,1990,56667000,5593032900,840488.41,6762.03364907194,400863589.92795026
France,1991,56914000,5744330020,866197.9199999999,6991.0322931399,426268330.1537355
France,1992,57147000,5602120409.999999,809248.14,6311.46459303278,415628493.5527641
France,1993,57370000,5396222200,750709.6900000001,5684.95504892606,395747211.6151685
France,1994,57587000,5475947830,750306.8999999999,5597.946417576461,390531019.5687266
France,1995,57802000,5656503720,785400.8500000001,5938.690675989061,397565495.99706936
France,1996,58012000,5755950640,787438.18,5910.58660187636,413078372.3169154
France,1997,58221000,5813366850.000001,791020.12,5911.050447125021,405971930.6801539
France,1998,58444000,5957196920,804904.77,5952.84448677776,425437052.2543266
France,1999,58704000,5800542240,773676.66,5673.85187984634,421641399.5246947
France,2000,59015000,5907401500,777762.99,5652.82614852954,416069798.4904706
France,2001,59384000,6031039039.999999,796871.6299999999,5749.42525350442,420719705.5221959
France,2002,59803000,5864282180.000001,788415.4299999999,5810.31198041042,415932206.6297941
France,2003,60252000,5798049960,765779.95,5521.52989467612,422633437.0273725
France,2004,60698000,5533229680.000001,739746.32,5460.46920337884,423710153.5875754
France,2005,61120000,5396895999.999999,734022.5499999999,5485.367322071061,427036180.8733492
France,2006,61509000,5127390239.999999,698153.03,5314.7118670626605,416072706.8342793
France,2007,61869000,5180910060.000001,706370.3600000001,5450.12447145328,405571233.520463
France,2008,62209000,5662263180,740274.6299999999,5400.78733504126,399276598.01260924
France,2009,62543000,5655138060.000001,742878.49,5439.102797687102,382165611.7277724
France,2010,62880000,5688753600,734835.2,5401.939972793901,389833956.5713435
France,2011,63222000,5645092379.999999,722635.63,5296.151474975601,365234384.4047011
France,2012,63564000,5686435440.000001,721362.39,5262.173230733821,365844823.35449225
France,2013,63894000,5544082380,692849.44,5031.429980914059,366851929.69046986
France,2014,64194000,5529029220,702383.21,5067.48240651316,335415276.94041264
France,2015,64453000,5559071250,704285,5073.270152564901,341105891.0325718
France,2016,64668000,5514240360,692543.02,4971.7190144859,342955524.49619114
France,2017,64843000,5384562720,677073.31,4830.43810192362,346533494.8672917
Germany,1961,73928000,4719563520.000001,558322.56,3834.1063304360805,834839623.1475236
Germany,1962,74489000,4855193020.000001,580041.6,4094.93484364368,883168603.3597509
Germany,1963,75081000,4842724500,571314.55,3990.4044408855802,945497985.5055119
Germany,1964,75677000,4994682000.000001,572448.79,3867.7324961367804,968917485.576276
Germany,1965,76258000,5141314360,578550.62,3840.4600414595598,960102237.9968507
Germany,1966,76820000,5203018600,585693.9700000001,3942.6371783800005,951421992.5723693
Germany,1967,77357000,5373217219.999999,596246.3099999999,3971.55207775814,936229417.7234646
Germany,1968,77847000,5719419090,627978.4,4138.58028755734,984790813.2104976
Germany,1969,78261000,5790531390.000001,635647.19,4221.7365943794,1052000831.7820473
Germany,1970,78578000,6074079400.000001,665524.93,4445.73320104882,1026022305.227087
Germany,1971,78790000,6333140200.000001,680726.56,4446.555069000679,1037236086.9220004
Germany,1972,78902000,6467596940.000001,685896.89,4405.029111413441,1041479508.4604634
Germany,1973,78932000,6466109440,686305.4500000001,4435.8824840103,1085736250.5674965
Germany,1974,78910000,6704982700,709760.1000000001,4540.9255357005395,1062724339.5242766
Germany,1975,78856000,6817101199.999999,713239.76,4507.14825547538,1002443887.048343
Germany,1976,78782000,6786281480.000001,711598.64,4509.3903009754,1090836539.846684
Germany,1977,78687000,6855211440,714537.0800000001,4488.287423790681,1052604105.6500638
Germany,1978,78574000,7168306019.999999,744931.9299999999,4646.54151778652,1079127232.1165328
Germany,1979,78438000,7255514999.999999,747975.28,4593.0007459034805,1117882127.283857
Germany,1980,78283000,7433753680.000001,764407.2,4652.858895825279,1100059449.5452075
Germany,1981,78108000,7446816719.999999,766025.76,4626.73195835632,1048516608.3480488
Germany,1982,77926000,7270495800,747557.5800000001,4512.8144543852,1015726852.103224
Germany,1983,77770000,7354708900.000001,756351.24,4548.87002632386,1011597195.6790683
Germany,1984,77682000,7338618539.999999,751186.3099999999,4462.49955917448,1033236627.0507377
Germany,1985,77692000,7465424280,768832.03,4599.3354679322,1044110086.0783299
Germany,1986,77806000,7523062140,773804.4099999999,4617.2669618668,1047463241.4909157
Germany,1987,78016000,7658830720,784348.41,4679.65168408148,1032433845.6011881
Germany,1988,78308000,7671834760,778727.91,4599.66702463208,1029014343.594865
Germany,1989,78660000,7420784400,751808.9400000001,4482.335540818921,1008781468.7983376
Germany,1990,79054000,7454001659.999999,748285.0800000001,4462.3027271684605,1052520133.2520164
Germany,1991,79491000,6973745430,701911.21,4265.2304581279195,1014440037.3797194
Germany,1992,79963000,6955181739.999999,684677.89,4094.8603440689803,966176765.7342654
Germany,1993,80429000,6768100350,646345.2,3688.1668082999395,956517468.7287834
Germany,1994,80833000,6776230390,632325.38,3516.47994146782,939908352.8490666
Germany,1995,81139000,6607148769.999999,607998.6300000001,3385.55343170104,939542833.5838152
Germany,1996,81324000,6897088440,627914.42,3477.5350960423807,959606347.2315909
Germany,1997,81399000,6639716429.999999,595437.16,3217.58051505494,931750337.1827701
Germany,1998,81403000,6972980980,614040.75,3204.2604956025402,923823697.6200327
Germany,1999,81390000,6748858800,582152.8700000001,2916.7866429671003,896312592.2989599
Germany,2000,81401000,6735118740.000001,580348.4299999999,2984.27431973506,900376259.7043792
Germany,2001,81454000,6625468360,536344.21,2541.8781242223004,916912521.8842171
Germany,2002,81535000,6582320549.999999,554106.44,2713.2045081047,900387296.1965255
Germany,2003,81614000,6782939540,562714.69,2716.74392160136,901409323.6690642
Germany,2004,81646000,6748041900,580998.58,2857.87157090978,887457948.4411641
Germany,2005,81603000,6692262030,575812.19,2834.6205598154,866640497.3027091
Germany,2006,81472000,6715736960.000001,575673.3400000001,2836.2159989652605,878076462.7261162
Germany,2007,81278000,6993971900.000001,596956.42,2959.00058774002,851418498.377566
Germany,2008,81066000,6948166859.999999,590412.8300000001,2902.599869633241,853771416.9755216
Germany,2009,80900000,6954163999.999999,592353.31,2897.2953425631404,788923513.9433492
Germany,2010,80827000,7075595579.999999,602330.34,2917.1335175234,832387679.9342642
Germany,2011,80856000,7108859519.999999,611768.48,3058.68639614936,809748546.283835
Germany,2012,80973000,6996876930,602322.4400000001,3016.1684386000998,814137978.3550665
Germany,2013,81174000,6975281820.000001,596265.42,2978.09809919598,831570354.1787424
Germany,2014,81450000,7179817500,611668.8200000001,3069.61226988706,792793185.3654478
Germany,2015,81787000,7187441560,616334.9099999999,3164.4825534307797,795939549.0363328
Germany,2016,82194000,7276634820.000001,622887.15,3233.98679711868,801654829.2243831
Germany,2017,82658000,7255719239.999999,623325.66,3277.27662794952,797966400.1392046
India,1961,459641984,1700675340.8,45060.81,525.6771738393,130392929.20301028
India,1962,469076992,1744966410.2399998,45263.82,531.114258696,143451840.48602304
India,1963,478825984,1762079621.1199996,44808.01,525.8869240567,154068161.38213742
India,1964,488848000,1794072160,44814.649999999994,525.5674630394001,150638993.88072327
India,1965,499123008,1821798979.2,44667.14,523.6120441480999,165961365.57200027
India,1966,509632000,1849964160,44431.99999999999,519.8453771974599,171688393.48659775
India,1967,520400992,1899463620.8,44712.55,521.37645996276,172093127.12620768
India,1968,531513984,1940026041.6,44751.31999999999,519.42345891706,187104611.54501408
India,1969,543084032,1971395036.1599996,44516.18,515.6567919664199,190400375.1625481
India,1970,555190016,2004235957.76,44400.799999999996,512.0309551690599,194728956.01423216
India,1971,567868032,2067039636.4799998,44559.33,510.32941790962,205329551.41000888
India,1972,581086976,2086102243.84,43938.25,501.7620310954,217181936.7026093
India,1973,594769984,2141171942.4000003,44004.770000000004,501.58674091006003,223602295.00617924
India,1974,608803008,2197778858.88,44225.44000000001,503.01053072106004,231184714.53394008
India,1975,623102976,2249401743.36,44407.34,506.35044370009996,251193302.18513042
India,1976,637630016,2295468057.6,44473.86,506.10139775944003,262531754.48433423
India,1977,652409024,2335624305.92,44232.079999999994,502.61731394843997,277648315.84663844
India,1978,667500032,2396325114.88,44225.44000000001,502.93677496574,281539159.68320274
India,1979,682995008,2472441928.96,44300.82,501.41066708752004,295299009.9630683
India,1980,698953024,2572147128.32,44650.21,507.13303132122,312484903.3226539
India,1981,715385024,2654078439.0400004,44813.22,507.41817150234,337105182.7493035
India,1982,732238976,2885021565.44,47733.270000000004,541.20072633882,347815634.07303303
India,1983,749428992,2937761648.6400003,47534.73999999999,537.75031892268,376676324.8663662
India,1984,766833024,2982980463.36,47027.909999999996,531.0648736362,385928848.24620193
India,1985,784360000,3113909200,47430.44,531.81606351218,424256045.00600165
India,1986,801974976,3183840654.7200003,47208.64000000001,528.68525630922,455066525.52017915
India,1987,819681984,3377089774.08,48172.43,538.4161983695,486067312.9238689
India,1988,837468992,3441997557.1200004,47769.86000000001,533.6524955794599,525081666.8801184
India,1989,855334976,3506873401.6000004,47349.53,527.1081588380199,576404561.139629
India,1990,873278016,3597905425.92,47246.36,522.44804227404,616579242.9658997
India,1991,891273024,3761172161.2799997,47235.259999999995,516.8919705933199,656740892.895225
India,1992,909307008,3837275573.7599998,47096.61000000001,513.5857340091401,698756949.7146001
India,1993,927404032,3922919055.3599997,46585.35999999999,505.82927027426,722894259.4153001
India,1994,945601984,3952616293.12,45797.98,497.61274222248005,764242102.8847225
India,1995,963923008,3952084332.8000007,44659.05,486.05374415018,811460926.6723638
India,1996,982364992,4008049167.36,44239.85,481.2164248007,878827119.7753536
India,1997,1000899968,4023617871.3600006,43425.850000000006,472.96608115818003,915049312.957775
India,1998,1019484032,4139105169.9199996,43537.840000000004,471.43398790200007,933549258.1445626
India,1999,1038057984,4204134835.2,42879.079999999994,461.72210527582,995233071.6088502
India,2000,1056576000,4205172480.0000005,40979.35,437.53500328298,1029637758.9896748
India,2001,1075000064,4332250257.919999,41400.77,440.98184316676,1035640345.2880096
India,2002,1093316992,4449800157.440001,40625.56,426.92652109874,1047595651.4674999
India,2003,1111522944,4546128840.96,40002.28,415.89763637042,1091873009.4812498
India,2004,1129623040,4721824307.2,40829.619999999995,424.46159484815996,1145545439.788422
India,2005,1147609984,4739629233.92,39338.07,408.80564623320004,1210145666.7912676
India,2006,1165485952,4848421560.32,39283.76,407.58753386179995,1287149211.3997533
India,2007,1183208960,5146958976,40338.43,413.76296654356,1390253491.3318856
India,2008,1200669952,5294954488.319999,40531.31,408.64140912224,1547990823.168485
India,2009,1217725952,5406703226.879999,39624.09,390.96038945274,1720120560.2622268
India,2010,1234280960,5406150604.8,37840.869999999995,372.10614164922,1700027394.4652188
India,2011,1250288000,5176192320,34191.16,332.59424592844,1811961391.7473779
India,2012,1265779968,5202355668.4800005,33845.119999999995,327.22529749866004,1979046908.9680347
India,2013,1280841984,4726306920.96,27376.33,256.4885883814,1994100993.6985626
India,2014,1295601024,4534603584,25224.67,221.24498058846004,2199400041.2465496
India,2015,1310151936,4808257605.120001,26580.940000000002,230.05925316570003,2298170090.2179666
India,2016,1324516992,4993429059.84,27097.72,232.33326177930002,2371752345.6555166
India,2017,1338676992,5060199029.76,26669.62,224.4013686632,2456954485.456873
Indonesia,1961,90098000,336065540,38385.71,365.51105864476,26001595.32976378
Indonesia,1962,92518000,356194300,39497.979999999996,372.94997245694003,22974893.602519684
Indonesia,1963,95015000,363907449.99999994,38474.29,355.49573630564,22763094.784251966
Indonesia,1964,97597000,377700390,39373.7,366.62556256074004,22374265.04566929
Indonesia,1965,100267000,383019939.99999994,39063.18,364.38500348831997,24668226.204724405
Indonesia,1966,103025000,383253000,37981.909999999996,353.9646550459,23374953.06834646
Indonesia,1967,105866000,380058939.99999994,37180.2,352.81569109786005,24540045.636535432
Indonesia,1968,108780000,400310399.99999994,37014.65,330.86636771566,27562607.90929134
Indonesia,1969,111759000,405685169.99999994,37674.68,351.05121915226,33362214.500648208
Indonesia,1970,114793000,435065470.00000006,39709.729999999996,374.77204309100006,35791387.30708661
Indonesia,1971,117880000,465625999.99999994,39802.75,361.97576182048,38955265.68656353
Indonesia,1972,121017000,497379870.00000006,40949.47,371.78858446788,43306284.58263877
Indonesia,1973,124200000,500525999.99999994,41475.270000000004,389.4159728562401,49098099.33882724
Indonesia,1974,127422000,533898179.9999998,43442.57,405.84801846892003,51226511.424191505
Indonesia,1975,130681000,542326149.9999999,43264.16,412.27196253718,53932549.47050646
Indonesia,1976,133967000,574718429.9999999,44368.66,418.3233199747,61788272.47586214
Indonesia,1977,137278000,577940380,43129.950000000004,406.90301260184003,82416446.68082416
Indonesia,1978,140622000,583581299.9999999,42243.92,400.17306985133996,93938182.49862228
Indonesia,1979,144010000,652365299.9999999,44035.96,402.51825344386003,95137101.73342568
Indonesia,1980,147448000,681209760,43511.29,384.51690146206005,94873009.36211218
Indonesia,1981,150938000,732049300,45081.55,391.6695239008,100297229.41965076
Indonesia,1982,154468000,766161280,45779.1,395.93555089160003,105584190.69526137
Indonesia,1983,158008992,902231344.32,48003.840000000004,400.22040293502005,105184091.04055732
Indonesia,1984,161523008,977214198.4,50437.75,400.49233694348,112460530.02843046
Indonesia,1985,164982000,1062484079.9999999,52723.28,408.52798328468,121597737.69916733
Indonesia,1986,168374000,1146626940,54667.350000000006,419.69353321399996,122166484.12775995
Indonesia,1987,171703008,1191618875.52,54819.26,414.06347892427993,123878948.53395604
Indonesia,1988,174976000,1265076480,56245.31999999999,415.52782960626,132721727.6495889
Indonesia,1989,178208992,1350824159.36,58568.53,424.3488489693,131674152.15231128
Indonesia,1990,181412992,1478515884.8,61632.46,428.61566667666,150285891.7414776
Indonesia,1991,184592000,1594874879.9999998,64089.92,435.8199267956801,180622073.23115805
Indonesia,1992,187740000,1708434000,67831.68,466.10162068276003,203577374.2036925
Indonesia,1993,190851008,1864614348.1599998,74067.54999999999,520.9314504474,219762347.1806877
Indonesia,1994,193916992,2007040867.2,75516.73999999999,499.04304441558,222854214.9789583
Indonesia,1995,196934000,1943738580.0000002,70795.97,464.9689975482,226545167.5513074
Indonesia,1996,199900992,2092963386.24,75803.02,502.61854572950006,255068825.78166303
Indonesia,1997,202826000,2105333880.0000002,76472.88,518.9638684067601,280736305.64301187
Indonesia,1998,205724992,1746605182.0800002,65387.28,450.59631367006,215969964.77218422
Indonesia,1999,208615008,1660575463.68,61137.8,424.64954569184005,243951872.465634
Indonesia,2000,211514000,1770372180.0000002,63537.979999999996,450.0537594460201,265803361.77736256
Indonesia,2001,214427008,1863370699.52,63951.729999999996,445.72074785548,297530292.40665364
Indonesia,2002,217358000,2108372599.9999998,68192.65,464.55430328622003,307361473.019426
Indonesia,2003,220308992,2216308459.52,71729.32,501.71007994148005,316654652.29035765
Indonesia,2004,223286000,2351201580,76911.45,538.76177822684,339847927.3842067
Indonesia,2005,226288992,2271941479.68,70696.47,469.84575504054,343336479.8786566
Indonesia,2006,229318000,2520204819.9999995,77544.56,522.8035658833,346443307.21560127
Indonesia,2007,232374000,2525905380,74260.63,472.76903446716005,376865254.5525461
Indonesia,2008,235470000,2649037500,78462.45999999999,503.60622819005994,417561759.8093174
Indonesia,2009,238620992,2756072457.6,81577.70999999999,536.56004150364,447098850.8036468
Indonesia,2010,241834000,2979394880,87125.76000000001,563.22318143888,428174307.963048
Indonesia,2011,245116000,3152191760.0000005,89822.74,570.17524567252,508073307.14626217
Indonesia,2012,248452000,3222422440,89410.16,556.68421858878,526383107.32827735
Indonesia,2013,251804992,3409439591.6800003,94237.57,593.65276511706,411191073.5282705
Indonesia,2014,255128000,2640574800.0000005,74941,524.19010438366,366842627.8506371
Indonesia,2015,258383008,2728524564.48,74701.38,507.2910263884,507012087.54947543
Indonesia,2016,261556000,3068051879.9999995,83609.87,570.6206477516,560679033.1108377
Indonesia,2017,264651008,3093770283.5200005,85560.70000000001,605.51576610074,584075458.2182004
Iran,1961,22480000,319890400,136862.3,2081.23273786034,36508758.39232829
Iran,1962,23071000,333837370,139584.28,2135.47187087294,37428422.69354331
Iran,1963,23680000,314707200,125691.81999999999,1929.4091274143802,41304934.95973457
Iran,1964,24308000,316976320,123542.16,1885.5089159644401,47519078.69354331
Iran,1965,24955000,319174450,121594.42,1850.21704198418,53718388.18123541
Iran,1966,25624000,322606160,119640.29999999999,1827.67439025226,64103361.65524918
Iran,1967,26318000,348713499.99999994,122870.75,1837.06085943788,67880945.97795275
Iran,1968,27033000,364945500,124000.86,1842.58896535592,82329563.00094488
Iran,1969,27765000,387044100,126973.1,1872.3024498950401,83038744.62614176
Iran,1970,28514000,411742160.00000006,131900.33000000002,1913.50394142806,91787455.43307087
Iran,1971,29282000,426638740,133524.24,1884.5104629458199,101627830.2286614
Iran,1972,30075000,451125000,137671.66000000003,1907.3688805628403,106015192.87069255
Iran,1973,30906000,461735640,137078.33000000002,1900.50544885366,129475308.94488189
Iran,1974,31786000,488868680,142367.27999999997,1960.4125669348398,143775404.71811023
Iran,1975,32730000,536772000.00000006,152051.86,2093.0669471530396,139213971.38897637
Iran,1976,33734000,593043720.0000001,166015.11000000002,2223.17664985826,156459103.6679312
Iran,1977,34803000,676570320,183619.92,2476.5747905465205,163731943.64155442
Iran,1978,35961000,726771810,187658.02000000002,2445.3771585787804,162103936.60738707
Iran,1979,37237000,724259650,176257.36000000002,2312.08671197882,163673260.69683585
Iran,1980,38650000,810104000,195582.88,2644.37597544972,120564470.16722791
Iran,1981,40200000,877968000,193488.31,2590.89240948866,112528566.38171288
Iran,1982,41869000,911906820,196622.9,2733.3449975958006,137514970.83298495
Iran,1983,43637000,957832150,205249.63,2707.79836991988,149213431.3033976
Iran,1984,45473000,933105960,188861.97999999998,2547.93492649392,149942676.9234917
Iran,1985,47347000,907168520,173018.76,2386.2186399118405,159947109.64633396
Iran,1986,49260000,995052000.0000001,183015.45,2422.2485884383,147536041.50823137
Iran,1987,51194000,980365099.9999999,164747.72999999998,2200.9440848438003,158607352.33307517
Iran,1988,53077000,988293739.9999999,167441.32,2125.9908530610396,175107796.47617233
Iran,1989,54822000,1053130620,167290.78,2113.3091362069003,190098001.6306986
Iran,1990,56366000,1110973860,179191.7,2208.2564369549,209238343.5071259
Iran,1991,57679000,1162808640,173095.01,2201.5106775035,225954226.3514755
Iran,1992,58780000,1299037999.9999998,178789.4,2174.27485234064,226957034.05543384
Iran,1993,59724000,1389777480,188489.96,2201.41535836882,235576625.9054317
Iran,1994,60591000,1380262979.9999998,183413.71,2129.7353484638197,263520377.9056179
Iran,1995,61443000,1394141670,180690.94,2083.4942521821404,271147525.0280357
Iran,1996,62295000,1508784900,202615.28999999998,2340.2624606151403,274007737.61302656
Iran,1997,63136000,1559459200,202859.21,2321.2518360535,267099278.85526654
Iran,1998,63972000,1598660280.0000002,204227.02,2351.37930857506,306006281.4688589
Iran,1999,64801000,1504031210,181167.4,2042.5762027909802,379627035.1391828
Iran,2000,65623000,1566421010,178967.98,2018.4636007457802,369263473.91896045
Iran,2001,66449000,1672521330,190958.41999999998,2122.12902366146,394931362.99233866
Iran,2002,67285000,1709711849.9999998,186765.27,2051.71273134928,397798324.6132874
Iran,2003,68123000,1895181859.9999998,204518.99,2102.53469149526,413993477.9997787
Iran,2004,68951000,2005784590.0000002,217126.13,2218.24285188276,442089656.3048894
Iran,2005,69762000,2063559960,215451.71000000002,2180.23623548266,463529923.15503687
Iran,2006,70555000,2155455250,218516.58000000002,2090.54772737742,503790590.489201
Iran,2007,71336000,2304152800.0000005,232473.91,2109.04258603742,513313793.39195883
Iran,2008,72121000,2232866160.0000005,204032.4,1703.38089814276,534910146.35965455
Iran,2009,72925000,2626758499.9999995,224123.28,1630.8874053091201,546884971.4428874
Iran,2010,73763000,2570640549.9999995,232184.27000000002,1777.9054365481202,564034508.6905894
Iran,2011,74635000,2639839950.0000005,231016.88,1758.09836767338,579039987.0434927
Iran,2012,75540000,2495086200,207321.57,1575.87321718624,600683959.7156987
Iran,2013,76482000,2514728159.9999995,197289.67,1447.5463244869402,608710065.8662966
Iran,2014,77466000,2587364400,202816.07,1449.12474412334,641916427.8431506
Iran,2015,78492000,2560409040,200678.79,1377.03396512438,640811229.4338967
Iran,2016,79564000,2762462080,212978.92,1462.0191665438801,652970446.1015066
Iran,2017,80674000,2902650519.9999995,226480.34,1617.9482028416,685944664.3966886
Italy,1961,50052000,1551111480,306509.1,2711.01198273126,124374896.59968504
Italy,1962,50442000,1720576620.0000002,338657.45,2998.5400548666803,146254985.2711811
Italy,1963,50856000,1890317520,376027.2,3367.6759284220207,164556239.40632537
Italy,1964,51273000,2019130740.0000002,382758.97,3311.7796161561,175721076.47393236
Italy,1965,51677000,2120824080,390569.42,3330.2985268886,189528379.44188976
Italy,1966,52063000,2337628700.0000005,442965.1,3877.72440113228,213982260.20409453
Italy,1967,52433000,2506297400,481727.26999999996,4254.46333895138,234129742.1612875
Italy,1968,52795000,2595930150,486703.8899999999,4240.6806021404,249172160.36661416
Italy,1969,53155000,2686453699.9999995,502833.33,4420.02461580194,269660969.0948032
Italy,1970,53519000,2915179930.0000005,536082.35,4666.020675475481,296364545.8570079
Italy,1971,53889000,3063589649.9999995,551608.56,4743.39208791574,311049213.81580925
Italy,1972,54259000,3141053510,546269.46,4617.299051591541,328237544.84633
Italy,1973,54619000,3416418450,590522.99,4965.7140350851605,353349243.88696295
Italy,1974,54958000,3428280040,567699.9,4615.786230850639,358253084.16456735
Italy,1975,55265000,3439693599.9999995,546011.09,4334.12764424534,341052636.0790587
Italy,1976,55538000,3577202580,563111.39,4455.08931541968,365795688.38427746
Italy,1977,55778000,3697523620.0000005,575168.31,4550.881114550881,354417911.3579678
Italy,1978,55989000,3894034950,592329.8500000001,4590.40520447372,371274154.20633256
Italy,1979,56178000,4051557359.9999995,616307,4791.105668410241,385255893.52827626
Italy,1980,56349000,4254912989.9999995,643926.4400000001,4966.29784643134,386433438.55282605
Italy,1981,56505000,4258216800.000001,640165.6100000001,4908.0607910859,375300607.8598985
Italy,1982,56645000,4263669150,639156.69,4904.53872055948,366879525.56361973
Italy,1983,56765000,4465702549.999999,669757.51,5141.35638639756,358409609.57705015
Italy,1984,56863000,4488765220,663069.0499999999,4981.6407690233,364601606.27155113
Italy,1985,56937000,4469554500,659245.63,4980.871521641619,368982961.395515
Italy,1986,56984000,4518831200,667314.37,5040.21656847254,363188216.69688743
Italy,1987,57008000,4689478079.999999,692425.75,5221.06961716554,380099234.2958845
Italy,1988,57018000,4745608139.999999,692179.29,5174.2677487235605,385962967.50962716
Italy,1989,57029000,4812107020.000001,701240.62,5229.1855192554,404742709.59338284
Italy,1990,57048000,4880456400,710081.14,5272.7624244321005,439639705.5692043
Italy,1991,57088000,4934115840,716927.92,5335.562413948021,439344608.5639851
Italy,1992,57145000,4943613949.999999,702000.22,5110.669190844901,437251194.4959142
Italy,1993,57198000,5024844300,715871.93,5206.0274056662,430545312.88052654
Italy,1994,57214000,5001647880,717228.48,5257.03139630868,424810615.8016232
Italy,1995,57174000,4805474700.000001,683478.95,4971.35959294928,451433244.3446171
Italy,1996,57065000,4990904900,702085.12,5006.25622597728,444186171.32960916
Italy,1997,56904000,4867568160,679826.75,4792.3586692032995,448835472.58759
Italy,1998,56743000,5012676620,700372.5700000001,4868.133573401141,459907709.4063586
Italy,1999,56656000,5012922879.999999,711797.99,5048.19250738634,464290728.49795467
Italy,2000,56692000,5026312720.000001,703957.0700000001,4919.88544922918,470293757.1635918
Italy,2001,56875000,5126143750.000001,699632.9700000001,4779.865151547201,475965742.7120544
Italy,2002,57183000,5104154580.000001,699028.46,4779.17717196524,477504755.8973002
Italy,2003,57565000,4969586450,697638.81,4853.30599006252,490750399.77325433
Italy,2004,57948000,4962087240,680510.6000000001,4665.9384834681405,494590640.4046807
Italy,2005,58281000,4927658550,674978.47,4674.19255157776,494458035.7513703
Italy,2006,58543000,4977325860.000001,686896.1,4793.4086762552,489002150.9339945
Italy,2007,58748000,5153962040,696525.9199999999,4764.4134442543,479078480.4587453
Italy,2008,58922000,5066113560,671946.05,4558.478885083459,467471987.1020755
Italy,2009,59106000,5180049839.999999,687997.1099999999,4674.22940733678,416675203.8396135
Italy,2010,59325000,5307807750,693992,4605.3655895230995,426350968.4030158
Italy,2011,59589000,5162790960,660788.47,4317.805778469899,413944234.99833006
Italy,2012,59879000,5180731080,649656.39,4177.36119435218,392629772.4251554
Italy,2013,60167000,5056434680,616465.8500000001,3797.1489980467004,364089125.07628417
Italy,2014,60410000,4751850600,606116.6299999999,3876.27572262142,348547488.29768234
Italy,2015,60578000,4705699040,583925.34,3505.60822855768,355784636.8923693
Italy,2016,60663000,4651638840,576537.78,3470.3933252278803,353487267.1380586
Italy,2017,60674000,4911560300,591407.23,3319.68379519296,348991358.552772
Canada,2018,NULL,3069805044.605381,NULL,NULL,NULL
Canada,2019,NULL,3111520847.843565,NULL,NULL,NULL
Canada,2020,NULL,3154481135.487352,NULL,NULL,NULL
Canada,2021,NULL,3198102600.4788666,NULL,NULL,NULL
Canada,2022,NULL,3242324570.2382174,NULL,NULL,NULL
Canada,2023,NULL,3287147062.5451193,NULL,NULL,NULL
Canada,2024,NULL,3332577227.9191275,NULL,NULL,NULL
Canada,2025,NULL,3378623140.146529,NULL,NULL,NULL
Canada,2026,NULL,3425293077.484521,NULL,NULL,NULL
Canada,2027,NULL,3472595440.6144514,NULL,NULL,NULL
Canada,2028,NULL,3520538744.453658,NULL,NULL,NULL
Canada,2029,NULL,3569131618.5502353,NULL,NULL,NULL
Canada,2030,NULL,3618382808.4911585,NULL,NULL,NULL
Canada,2031,NULL,3668301177.44626,NULL,NULL,NULL
China,2018,NULL,88623455128.6357,NULL,NULL,NULL
China,2019,NULL,93643257790.2357,NULL,NULL,NULL
China,2020,NULL,99600694741.61987,NULL,NULL,NULL
China,2021,NULL,106088221806.47946,NULL,NULL,NULL
China,2022,NULL,113031982544.42393,NULL,NULL,NULL
China,2023,NULL,120437659025.1651,NULL,NULL,NULL
China,2024,NULL,128330178085.3649,NULL,NULL,NULL
China,2025,NULL,136740268952.22578,NULL,NULL,NULL
China,2026,NULL,145701592326.2187,NULL,NULL,NULL
China,2027,NULL,155250216658.37915,NULL,NULL,NULL
China,2028,NULL,165424618521.79523,NULL,NULL,NULL
China,2029,NULL,176265805822.00168,NULL,NULL,NULL
China,2030,NULL,187817476081.96332,NULL,NULL,NULL
China,2031,NULL,200126191035.40665,NULL,NULL,NULL
Germany,2018,NULL,7331866096.321806,NULL,NULL,NULL
Germany,2019,NULL,7365255590.334212,NULL,NULL,NULL
Germany,2020,NULL,7422554729.4402,NULL,NULL,NULL
Germany,2021,NULL,7471349772.169209,NULL,NULL,NULL
Germany,2022,NULL,7526894820.4289465,NULL,NULL,NULL
Germany,2023,NULL,7581585760.368001,NULL,NULL,NULL
Germany,2024,NULL,7638846889.445392,NULL,NULL,NULL
Germany,2025,NULL,7696835279.902743,NULL,NULL,NULL
Germany,2026,NULL,7756270161.338743,NULL,NULL,NULL
Germany,2027,NULL,7816663822.127306,NULL,NULL,NULL
Germany,2028,NULL,7878130491.079663,NULL,NULL,NULL
Germany,2029,NULL,7940513214.267226,NULL,NULL,NULL
Germany,2030,NULL,8003801157.098344,NULL,NULL,NULL
Germany,2031,NULL,8067926599.211411,NULL,NULL,NULL
India,2018,NULL,5154525615.321459,NULL,NULL,NULL
India,2019,NULL,5254513693.454336,NULL,NULL,NULL
India,2020,NULL,5357313523.215496,NULL,NULL,NULL
India,2021,NULL,5462440715.602305,NULL,NULL,NULL
India,2022,NULL,5569777340.672851,NULL,NULL,NULL
India,2023,NULL,5679296179.844831,NULL,NULL,NULL
India,2024,NULL,5791005577.782358,NULL,NULL,NULL
India,2025,NULL,5904931154.358748,NULL,NULL,NULL
India,2026,NULL,6021107614.190488,NULL,NULL,NULL
India,2027,NULL,6139574705.967957,NULL,NULL,NULL
India,2028,NULL,6260375183.975439,NULL,NULL,NULL
India,2029,NULL,6383553778.142201,NULL,NULL,NULL
India,2030,NULL,6509156677.365944,NULL,NULL,NULL
India,2031,NULL,6637231274.74882,NULL,NULL,NULL
Indonesia,2018,NULL,3196835142.1458464,NULL,NULL,NULL
Indonesia,2019,NULL,3341994628.7436957,NULL,NULL,NULL
Indonesia,2020,NULL,3463050010.193456,NULL,NULL,NULL
Indonesia,2021,NULL,3616709892.4388647,NULL,NULL,NULL
Indonesia,2022,NULL,3751229225.672508,NULL,NULL,NULL
Indonesia,2023,NULL,3914455182.9674864,NULL,NULL,NULL
Indonesia,2024,NULL,4062991271.206042,NULL,NULL,NULL
Indonesia,2025,NULL,4237078475.5903597,NULL,NULL,NULL
Indonesia,2026,NULL,4400328738.208198,NULL,NULL,NULL
Indonesia,2027,NULL,4586599299.575279,NULL,NULL,NULL
Indonesia,2028,NULL,4765392955.04479,NULL,NULL,NULL
Indonesia,2029,NULL,4965210588.930266,NULL,NULL,NULL
Indonesia,2030,NULL,5160507665.90352,NULL,NULL,NULL
Indonesia,2031,NULL,5375291983.492838,NULL,NULL,NULL
Iran,2018,NULL,3026606384.7361264,NULL,NULL,NULL
Iran,2019,NULL,3152934147.9870267,NULL,NULL,NULL
Iran,2020,NULL,3281191682.5432334,NULL,NULL,NULL
Iran,2021,NULL,3413488392.829136,NULL,NULL,NULL
Iran,2022,NULL,3550446463.5682397,NULL,NULL,NULL
Iran,2023,NULL,3692596844.3652534,NULL,NULL,NULL
Iran,2024,NULL,3840286394.807976,NULL,NULL,NULL
Iran,2025,NULL,3993810429.8883777,NULL,NULL,NULL
Iran,2026,NULL,4153436491.834065,NULL,NULL,NULL
Iran,2027,NULL,4319425431.475627,NULL,NULL,NULL
Iran,2028,NULL,4492039681.904815,NULL,NULL,NULL
Iran,2029,NULL,4671547972.295433,NULL,NULL,NULL
Iran,2030,NULL,4858227716.935595,NULL,NULL,NULL
Iran,2031,NULL,5052366425.349788,NULL,NULL,NULL
Japan,2018,NULL,6537892410.560215,NULL,NULL,NULL
Japan,2019,NULL,6820823671.10499,NULL,NULL,NULL
Japan,2020,NULL,7107083588.199209,NULL,NULL,NULL
Japan,2021,NULL,7418255317.74272,NULL,NULL,NULL
Japan,2022,NULL,7738669855.03813,NULL,NULL,NULL
Japan,2023,NULL,8079597505.5929165,NULL,NULL,NULL
Japan,2024,NULL,8433396950.215914,NULL,NULL,NULL
Japan,2025,NULL,8806146333.996758,NULL,NULL,NULL
Japan,2026,NULL,9194321754.69695,NULL,NULL,NULL
Japan,2027,NULL,9601400974.620014,NULL,NULL,NULL
Japan,2028,NULL,10025993386.588686,NULL,NULL,NULL
Japan,2029,NULL,10470292849.761992,NULL,NULL,NULL
Japan,2030,NULL,10934034484.613638,NULL,NULL,NULL
Japan,2031,NULL,11418799388.80822,NULL,NULL,NULL
Russia,2018,NULL,11455566195.345205,NULL,NULL,NULL
Russia,2019,NULL,11573170201.536306,NULL,NULL,NULL
Russia,2020,NULL,11637969863.19776,NULL,NULL,NULL
Russia,2021,NULL,11722452507.611023,NULL,NULL,NULL
Russia,2022,NULL,11828033199.064758,NULL,NULL,NULL
Russia,2023,NULL,11939438314.948484,NULL,NULL,NULL
Russia,2024,NULL,12049535986.841879,NULL,NULL,NULL
Russia,2025,NULL,12158521068.774677,NULL,NULL,NULL
Russia,2026,NULL,12268063534.811445,NULL,NULL,NULL
Russia,2027,NULL,12378871793.672598,NULL,NULL,NULL
Russia,2028,NULL,12490899866.932459,NULL,NULL,NULL
Russia,2029,NULL,12603977844.95517,NULL,NULL,NULL
Russia,2030,NULL,12718047216.328238,NULL,NULL,NULL
Russia,2031,NULL,12833126586.04738,NULL,NULL,NULL
"South Korea",2018,NULL,3880025353.6535935,NULL,NULL,NULL
"South Korea",2019,NULL,4161682423.346879,NULL,NULL,NULL
"South Korea",2020,NULL,4405974209.04363,NULL,NULL,NULL
"South Korea",2021,NULL,4697025315.669606,NULL,NULL,NULL
"South Korea",2022,NULL,5010280561.266287,NULL,NULL,NULL
"South Korea",2023,NULL,5331362308.37033,NULL,NULL,NULL
"South Korea",2024,NULL,5678901072.59896,NULL,NULL,NULL
"South Korea",2025,NULL,6050568122.598809,NULL,NULL,NULL
"South Korea",2026,NULL,6443703051.585178,NULL,NULL,NULL
"South Korea",2027,NULL,6863379895.589014,NULL,NULL,NULL
"South Korea",2028,NULL,7310866345.101473,NULL,NULL,NULL
"South Korea",2029,NULL,7786923851.327471,NULL,NULL,NULL
"South Korea",2030,NULL,8294133938.122675,NULL,NULL,NULL
"South Korea",2031,NULL,8834513288.218306,NULL,NULL,NULL
"United States",2018,NULL,41025787679.452034,NULL,NULL,NULL
"United States",2019,NULL,41715178367.1518,NULL,NULL,NULL
"United States",2020,NULL,42414551183.660484,NULL,NULL,NULL
"United States",2021,NULL,43123551874.871315,NULL,NULL,NULL
"United States",2022,NULL,43842443555.08292,NULL,NULL,NULL
"United States",2023,NULL,44571389131.251076,NULL,NULL,NULL
"United States",2024,NULL,45310570997.055084,NULL,NULL,NULL
"United States",2025,NULL,46060171114.21939,NULL,NULL,NULL
"United States",2026,NULL,46820374374.65153,NULL,NULL,NULL
"United States",2027,NULL,47591368082.34551,NULL,NULL,NULL
"United States",2028,NULL,48373342083.66176,NULL,NULL,NULL
"United States",2029,NULL,49166488790.90791,NULL,NULL,NULL
"United States",2030,NULL,49971003225.075096,NULL,NULL,NULL
"United States",2031,NULL,50787083056.71482,NULL,NULL,NULL
